word,occurrence
10,0.0004439889616332
100,3.074507309065666e-05
10000g,5.078997686314146e-09
14,0.0001944462410756
15000g,8.053565916270599e-06
445,4.283856451365864e-06
5000,5.32103872501466e-06
5000g,2.466062152961968e-05
600,2.4162704467016738e-05
a,5.295415189721098e-07
aaages,6.267797010572895e-11
aaare,4.23429026424893e-10
aaargh,9.767358191692388e-10
abandon,8.21985348011367e-06
abandoned,2.566431840023142e-06
abel,2.9770525422634365e-08
abilities,1.24432310803968e-05
able,3.081933382418356e-06
about,9.736579831951533e-06
absence,5.536909025977366e-05
absolutely,2.069387384835864e-05
abundant,1.1959041166846874e-05
academy,3.214254957129015e-06
accept,5.453036988910753e-05
accepted,6.430228444514796e-05
access,2.0940043668815632e-06
accomplish,3.72259302821476e-06
according,0.0001094192193704
accused,2.230986370705068e-05
achieved,4.958095254551154e-05
acquainted,5.241917951934738e-06
across,3.2028273505568806e-11
act,5.859107637661509e-05
acted,4.696780490576202e-07
acting,3.44995703198947e-05
action,0.0002235039809602
actions,4.8757440890767614e-05
acts,4.591114258801099e-05
actually,0.0001009904488455
adamantly,4.733722244054661e-07
add,8.992358752948348e-06
addition,0.0001582046570547
admit,1.8209143163403497e-05
adore,9.680584776106116e-07
adrah,2.5440120149378133e-11
adria,2.2117560216639022e-09
advance,3.9707426403765566e-05
advanced,4.527164652245119e-05
advancing,6.338084695016733e-06
advantage,5.182565990253352e-05
adventurous,1.558984804432839e-06
aerie,2.1544792616623454e-06
affairs,1.3562913648001997e-06
affect,5.639912931655999e-05
affirm,4.78991644740745e-06
afford,1.289086721953936e-05
afoot,6.29579953965731e-05
afraid,2.6500321037019604e-05
after,1.257686355529586e-05
afterwards,1.1967080317845103e-05
again,4.493587030083291e-06
against,9.842117526659425e-07
age,2.25515062265913e-05
ageless,1.638859523609426e-06
aggressive,1.4374415386555485e-05
aggressively,2.6308085148230022e-06
ago,9.180261095025344e-06
agree,4.0741047050687485e-05
agreed,6.552654835104477e-05
ah,5.5163698416436094e-05
ahead,2.029081895216223e-06
ahh,4.823391376703512e-05
aid,3.237060293031391e-05
aim,1.6563786375627386e-05
aiming,3.688868628159981e-06
aims,1.004211151666823e-05
aint,2.838649099430768e-05
air,0.0001617791102034
akaneia,0.0
alen,1.2714673482960849e-08
alighted,4.771867645558814e-07
aligned,3.35299314428994e-06
alive,9.180261095025344e-06
all,4.983260379276544e-07
allegiance,9.84751186479116e-06
alliance,3.329579817545891e-07
allied,2.466062152961968e-05
allies,9.62446613357315e-07
allow,8.235342869866713e-09
allowed,6.776682639610953e-05
allows,7.219386510826098e-08
alls,2.5923618050001096e-05
ally,0.0002718470740364
almost,0.0
alone,3.994953687652014e-05
along,1.9788820582178343e-11
alongside,7.366042991634458e-06
already,8.081819856897709e-07
alright,3.568758864275878e-05
also,4.430773456078896e-06
altar,5.102592083858326e-05
altea,1.074952397175366e-05
altean,5.827672821396846e-06
alteans,6.60191223869333e-05
alteas,2.914502099429228e-06
although,0.000130891388253
always,1.7348122969451651e-06
am,5.078997686314146e-09
amassed,1.8244533964661968e-06
ambition,4.079799204191659e-05
ambitions,2.1789024413010337e-06
ambushed,4.828126333222826e-07
among,1.742977995036199e-06
amplifies,4.216264511569534e-07
an,2.706654709805356e-09
ancient,3.741771375644021e-05
and,9.846985199146729e-07
anew,1.7145387349870592e-08
angel,1.5258898292813684e-06
anger,2.077477025522967e-05
angered,1.3333584865904412e-06
angers,9.846985199146729e-07
angry,1.8509108485886827e-05
annihilated,7.698106787756842e-07
annihilating,2.6242338293513965e-07
announced,3.121641741017811e-05
annoying,2.081455588722747e-06
another,3.5238074815424623e-06
anri,2.914502099429228e-06
anris,3.731296892510727e-05
answer,9.372374668600968e-05
anxious,1.293949484534096e-05
any,4.160479220445268e-05
anybody,1.2097504259145352e-06
anyhow,1.5255887933562917e-06
anymore,1.019270978304121e-05
anyone,5.664794812787477e-07
anything,2.029081895216223e-06
anyting,9.1559115844575e-09
anyway,9.767358191692388e-10
anywhere,1.2714673482960849e-08
aobut,5.078997686314146e-09
apapeared,5.099826310470235e-05
apart,1.3293017964599585e-07
apologise,7.262510155214841e-07
apologize,3.800027234319714e-06
apologized,1.3394971347224785e-06
apologizing,5.448659470630446e-07
appear,9.908172985888086e-05
appearance,4.304041343857534e-05
appeared,3.467622216703603e-05
appears,2.1789024413010337e-06
appened,2.0727767147121772e-08
approach,2.248515413327823e-07
approaches,4.160479220445268e-05
approachin,6.615297620804483e-09
approaching,1.1724652285920456e-05
arcane,6.310082002869421e-07
archanea,3.1470083816653723e-09
archanean,5.92685719311703e-05
archaneas,8.958113448898075e-06
archbishop,6.420501204047469e-06
archbishops,1.074952397175366e-05
archenemy,7.221590735184692e-08
archers,2.914502099429228e-06
archersll,0.0
archmage,8.320047527390906e-09
archsage,0.0
are,5.858951399204671e-06
area,0.0003111037638154
arent,6.939217761100735e-05
aritia,3.2028273505568806e-11
aritias,0.0
arlen,1.1712942532549064e-09
arm,1.401265331878676e-05
armor,5.743908668591757e-06
armories,5.118366866554424e-06
armory,3.8087636539785307e-07
armour,2.0255291201465296e-06
arms,5.408753473602701e-05
army,7.630850923305843e-06
armys,7.7320692914995e-09
around,1.618766707906616e-05
arran,3.780871779781592e-06
arranged,2.4563293991377577e-05
arrested,1.4356632218550658e-05
arrgh,1.117856878452006e-09
arrival,3.308760709842318e-05
arrive,5.893737574069746e-07
arrived,9.88981174714354e-07
arriving,8.334846197612933e-06
arrogant,2.1299482523318147e-05
arrows,6.809449741922435e-06
arson,1.4852412823529449e-06
artemis,4.989948831912727e-09
artemiss,4.243862399562204e-06
aruelis,0.0
as,2.1694195856980514e-06
ascend,1.4588694762096565e-06
ascending,3.966978024436685e-06
aside,2.912819112680154e-05
ask,3.237060293031391e-05
asked,3.558180316758808e-05
asking,2.147736859114957e-06
asn,2.556602979097988e-08
assembled,8.396846737923624e-07
assigned,4.145445989706786e-05
astram,3.779073565965519e-05
astrams,0.0
astride,6.802738130318176e-07
at,2.663668037712341e-06
atlar,5.128338941007282e-10
atmosphere,3.0396986985579134e-05
atonement,1.199280584387452e-06
atop,2.552209338318789e-05
atrocities,1.9550527554201838e-06
attaboy,4.1130045291826185e-09
attached,3.664469742943766e-05
attack,1.5135632088458805e-06
attacked,7.274529252754291e-07
attackers,1.2855396780651065e-05
attacks,1.4852412823529449e-06
attempted,2.6206675865978468e-05
attempts,3.43885763140861e-05
attention,8.396846737923624e-07
augh,7.547919320671781e-09
aum,3.6280957010603744e-06
aura,0.0001481044713
aurelis,6.1964143969817084e-06
aureliss,3.801206103162258e-06
autonomy,1.320675930401194e-05
avatar,4.685455182595888e-07
ave,1.059064118180686e-06
avenge,5.078997686314146e-09
avoid,1.1632101241048076e-05
avoided,6.053720715826218e-08
avoiding,9.965608342099586e-06
await,3.763095610338496e-06
awaiting,2.293403139219663e-07
awaits,2.8163854062768223e-06
awaken,1.727236228816764e-06
awakened,5.793257278128295e-06
awakening,2.8707446608677854e-06
awakens,5.586113269373527e-07
aware,5.377617824706249e-05
away,1.2097504259145352e-06
awful,3.2028273505568806e-11
awfully,1.4660300598734463e-06
awoke,2.335597760065866e-06
axe,4.430773456078896e-06
b,4.8279393959091975e-05
back,2.8924238381478063e-06
backwoods,4.764119357787422e-06
bad,1.0792104785650735e-06
bade,1.2636596648007982e-06
bag,2.1690579214919124e-05
bah,1.211665859557343e-07
bait,2.825632341227902e-06
ballistae,4.964346603628656e-06
ban,8.266760914921178e-06
bandits,1.2920607969135744e-05
banished,1.7773622175809578e-06
bantu,1.0837960962817304e-05
bar,1.3333584865904412e-06
barbarians,1.2457181446734466e-06
barely,1.5315405680667026e-05
barrel,8.053116116570891e-06
barren,3.859223565996217e-06
barricaded,0.0001144620249397
barrier,8.262662305469348e-07
basically,1.3440148286463227e-05
basilisk,5.194182195467079e-08
bastard,1.4790048007853327e-05
bastion,5.455078768136445e-05
bathed,1.7343979970974032e-06
battle,2.1152674780751112e-05
battlefield,0.0001646333062672
battles,2.661186230398016e-05
battling,1.0664766898571545e-06
be,8.283294036098842e-10
beach,1.6571426440350477e-05
bear,6.591890751224128e-06
bearer,2.4928578841354465e-06
beasts,3.72259302821476e-06
beat,0.0001290501590119
beaten,1.289086721953936e-05
beauteous,3.562313913789694e-06
beauties,7.842122249712702e-05
beautiful,5.3174453278188593e-05
became,8.00695174257271e-05
becamesic,0.0
because,6.053720715826218e-08
become,1.22215787996538e-06
becoming,4.0734499707468784e-05
been,5.233839704033016e-07
befallen,2.536775077714992e-06
before,2.293403139219663e-07
beforehand,1.626617822694243e-05
beg,1.0289993524565945e-05
began,3.4134920156247973e-07
begged,3.844251314149005e-06
beggin,2.5057853072496532e-08
begging,3.104738152615028e-06
begin,2.1682538488221327e-07
begins,3.4613210773386526e-05
begun,2.6431707701704e-05
behalf,3.4136108588427305e-05
behaviour,3.537414006132167e-05
behind,0.0001960378725198
being,9.46051737628295e-06
believe,3.797775524061464e-09
believed,5.099826310470235e-05
belonged,1.0837960962817304e-05
belongings,2.0940043668815632e-06
belongs,8.315814287925605e-05
beloved,7.55195162128075e-06
below,0.0001356115448288
bend,6.449317052101833e-06
bending,8.343986482941546e-06
beneath,2.445420643198304e-05
berserk,2.685985097627963e-07
beside,3.801206103162258e-06
besides,3.558180316758808e-05
besmirch,4.5422753593982185e-08
best,2.081455588722747e-06
bet,1.844654141677893e-05
betray,5.585754552157596e-06
betrayal,2.648539209531009e-06
betrayed,3.895855061273324e-06
betraying,2.2873208217788486e-05
betrays,8.71563853479529e-07
better,1.8509108485886827e-05
between,2.446911374136107e-05
beware,2.142231164725672e-06
bewildered,1.9437984838077683e-06
beyond,9.184699636534788e-05
bible,9.60575484327819e-07
big,4.032155670756765e-06
binding,3.568758864275878e-05
birth,2.217789453879959e-06
birthplace,9.458294630348974e-07
bishop,4.375064272671425e-10
bishops,4.227270001138095e-05
bit,0.0001105603741598
bitter,4.989948831912727e-09
black,0.0001258412409515
blackmail,1.22215787996538e-06
blade,8.21985348011367e-06
blades,2.353416148253018e-05
blame,6.371316463628318e-05
blast,6.438258124035201e-06
blessed,2.081455588722747e-06
blights,9.259994399712922e-08
blinded,1.925097426465072e-06
blink,1.580171271484687e-06
block,6.691191061690916e-05
blocking,4.0741047050687485e-05
blood,0.0001105603741598
bloodline,2.3052409332535721e-07
bloodthirsty,4.134176575121273e-07
blot,1.9660012505084977e-07
blow,1.109068929508794e-05
blundered,2.578434703082167e-07
boah,0.0006040458020288
boat,2.695201612368692e-05
body,0.0002034962273319
boils,1.1380787600501208e-06
boldly,9.950788153219036e-06
bolganone,0.0
books,8.022164518479258e-05
border,7.332686982408631e-06
borders,1.1065934158978052e-05
boring,4.8782476369524375e-06
born,2.080276774449885e-06
borne,2.948467921669362e-05
both,0.0001258412409515
bound,1.906314461166403e-06
bounds,6.517188521684147e-06
bountiful,1.727236228816764e-06
bow,1.817139182094252e-06
bows,0.0002235039809602
boy,3.664469742943766e-05
boys,5.558088632824365e-05
branded,1.8132288687411347e-06
brat,0.0
brats,3.34908309741877e-05
brave,4.918898747519051e-07
bravely,6.420501204047469e-06
break,2.566431840023142e-06
breaking,1.843168680352392e-05
breaks,0.0002441861253464
breath,3.074507309065666e-05
breathed,3.04178788610443e-06
breathing,1.5040955040603875e-05
bridge,3.762479445867939e-07
briefly,2.1283741407387424e-05
brightly,4.243862399562204e-06
brimming,5.893737574069746e-07
bring,2.4229032205767e-05
bringing,2.6757509622257204e-05
brings,4.334790315851933e-07
brink,3.233918118894508e-06
bro,1.1954474030062556e-05
broke,2.3005833445495223e-05
broken,3.653619125543628e-05
brother,4.764119357787422e-06
brought,3.977201345151116e-06
brunt,9.62446613357315e-07
build,3.765614892472513e-05
building,0.0001215367033728
built,7.56064815504942e-05
burden,3.123519796645269e-05
buried,1.732911774524837e-05
burn,0.0
burning,1.991234970773803e-05
burnt,5.361514922697097e-06
bury,1.2073471280515946e-08
business,1.7437719657209527e-06
but,1.185036124979888e-06
buy,4.145445989706786e-05
bwahaha,5.12978796246566e-11
by,2.5576677303851267e-11
caeda,5.743908668591757e-06
cain,3.615600324025081e-08
caldas,4.940327068270189e-10
caldass,0.0
caliber,1.9220217041038267e-06
call,1.1473875201772898e-05
called,2.1912803322976517e-08
calls,4.277202555385884e-05
calm,1.440428482965217e-05
calmed,1.333183143401584e-06
came,5.743908668591757e-06
campaign,3.699055618199054e-05
camus,1.2272974663574132e-06
camuss,0.0
can,1.211665859557343e-07
cannot,6.585426544916117e-05
cant,6.589672222617082e-05
capable,8.362320168089354e-06
capital,3.5238074815424623e-06
captain,9.463796374120649e-08
captical,1.038032072103734e-10
captive,1.289086721953936e-05
capture,1.8355440843151883e-05
captured,9.88981174714354e-07
capturing,3.205775431069924e-06
card,1.3643907605001003e-05
care,7.366042991634458e-06
careful,0.0001085751620121
carefully,3.994953687652014e-05
careless,2.895258680837287e-06
carelessly,1.2072103550053726e-06
carried,2.147736859114957e-06
carry,9.908172985888086e-05
carrying,3.870455424475949e-05
cartas,3.725681352761967e-08
carved,7.293265825865092e-06
case,1.3716462476054406e-07
cast,1.289086721953936e-05
castle,1.2638721034363698e-06
castles,5.919351957572871e-07
castor,3.606053660121233e-08
casually,3.078479885516572e-06
catch,2.5101379105763044e-05
catria,1.8244533964661968e-06
catrias,2.516477960057273e-07
cattle,2.267495920023066e-05
caught,2.0676417170761853e-05
cause,1.654781453908072e-05
caused,7.771291668177582e-05
caution,1.427839342795778e-06
cavaliers,2.221183451183606e-05
cave,8.196443768611062e-06
central,6.362798717418628e-07
centuries,2.365925127378432e-05
century,0.0001432670737267
certainly,4.189107771708223e-06
chain,3.733328048838303e-05
challenge,1.8132288687411347e-06
challenged,0.0002235039809602
chamber,2.420187718144007e-06
champions,1.7090179494516632e-06
chance,7.022561533176486e-07
change,8.775049627729458e-06
changed,2.895258680837287e-06
changing,4.594268233631737e-05
chaos,3.797775524061464e-09
chapter,0.0001120046871074
charge,8.155129384249449e-05
charging,7.869772298363387e-06
cheering,7.711032435508969e-07
chests,2.870879477995913e-05
chiasmir,3.72259302821476e-06
chief,1.999256393901305e-05
child,1.4677114495498244e-06
children,6.433692459495433e-07
childrens,2.2802205464245166e-07
chivalry,8.9020951349994e-07
choice,2.320053226867458e-06
choices,2.0909104987367757e-05
choose,1.9173039363522547e-05
choosing,1.1936501159652837e-05
chopping,1.129799099999218e-06
chose,1.85057225280616e-05
chosen,0.0001105603741598
citadel,9.828049394400295e-07
citizens,4.420490738993976e-05
city,3.109892199972819e-06
citys,1.0038953837110398e-08
civil,6.206527883477975e-05
civilians,5.183973962630262e-06
civilization,1.1536484762473264e-05
civilzation,1.6667439156625716e-09
claim,5.194182195467079e-08
clan,1.8542794168752157e-05
clans,1.855190616879554e-06
clansmen,1.5666357015220458e-07
clear,1.8497151304472938e-05
clearly,9.186693801893852e-05
cleric,8.21985348011367e-06
clerics,9.566726856746755e-07
cliff,4.156288227932237e-06
cliffs,3.04178788610443e-06
climbed,9.031217123265378e-06
close,3.6988333476983833e-06
closer,3.378427431016462e-05
closing,2.1299482523318147e-05
clouds,1.2391201598802582e-05
cogs,2.2042413576173202e-07
coin,7.568586752313422e-06
cold,1.0979493281411125e-05
coliseum,6.81966734106254e-08
collaborating,1.2259448237728069e-06
collapsed,6.1964143969817084e-06
collect,1.878382565337233e-05
collected,4.586581842886517e-05
collection,6.901825036038644e-05
combat,3.5762386187343507e-06
combined,4.930627306748648e-05
come,2.2873208217788486e-05
comes,7.274529252754291e-07
comfort,1.7153976168629016e-05
comfortable,1.887186635940452e-05
comin,6.200816278578713e-07
coming,4.107192370383928e-07
commander,1.2855396780651065e-05
commanding,5.118366866554424e-06
commerce,2.0069427373528016e-05
committed,3.777358164370526e-05
common,1.7690255094748865e-06
communicate,1.5300421400752383e-05
companions,6.585636358067859e-05
company,3.800027234319714e-06
compared,8.909120297175832e-05
comparison,5.25876375468215e-05
compassion,6.506980412268604e-06
compel,4.723921952063393e-06
complaining,4.074343851243612e-06
complements,2.0042046776325152e-06
complete,0.0001175596808025
completely,6.409007874026429e-05
comply,2.0676417170761853e-05
compounding,1.3002800028516505e-06
comrade,1.5385351775876187e-06
conceal,3.501291516272431e-07
concealed,5.94468770941603e-06
concern,0.0
concerns,4.7426803939742966e-05
concocted,5.745332657625113e-07
conditions,0.0002102658120566
conduct,6.3025386116351e-05
confidant,5.873551089052853e-07
confidence,3.822675294941291e-05
confine,2.8132682609793847e-06
confined,1.685293356786133e-05
confirm,1.3499790875357577e-05
confirmation,8.78664533047413e-06
confusion,0.0002235039809602
conniving,2.3227063365993678e-07
conquer,2.9373873303484287e-06
conquered,0.0
conquering,4.989948831912727e-09
conscience,1.0185658047703328e-05
consequence,2.870879477995913e-05
consequences,1.742977995036199e-06
consider,4.389353038277477e-05
constant,7.344381279835943e-05
constellations,1.024446316932881e-06
consumed,2.272200890729437e-07
consumes,6.053720715826218e-08
contact,8.320394132169894e-05
containing,9.463796374120649e-08
contending,1.993195116938296e-06
contest,9.45740082897828e-06
continent,2.8723128540075747e-08
continents,2.7702883517122244e-06
continue,9.479251442826352e-05
continued,0.0001147629812476
continues,3.5170133014617025e-05
control,7.500708225052222e-06
controlled,2.6242338293513965e-07
controlling,7.472879529814236e-05
convey,9.66300143772969e-06
convince,4.07025371259806e-06
cooks,1.817139182094252e-06
cool,9.877451539068716e-06
cooperate,1.5040955040603875e-05
cornelius,4.766622442531343e-08
corner,3.2794185972306875e-05
cornered,8.656202362544718e-07
corners,8.145118717948208e-06
corps,6.08550636570726e-06
corpse,3.790319451582036e-06
correct,6.691191061690916e-05
corrected,1.3033539235038915e-05
corrupt,5.371637166717847e-06
cost,2.085331167108961e-05
costs,2.9770525422634365e-08
could,8.049927651882172e-05
couldnt,2.353416148253018e-05
counsel,3.31940396790742e-05
countering,1.5258898292813684e-06
countless,6.242951315016398e-07
countries,0.0001830498644267
country,7.776032518336252e-08
countrymen,2.134236399342626e-06
countrys,6.433692459495433e-07
coup,4.684462386649102e-05
couple,4.237004257447552e-05
courage,1.3400955122051528e-05
courageous,2.513510548851628e-06
course,7.529314251542019e-07
court,0.0002112215713714
coward,4.000681424258801e-06
coyote,7.929922401217482e-07
craggy,3.7277673072821924e-07
crannies,1.834040878634369e-07
crap,1.743841833103943e-06
crawled,0.0
crawling,4.614994768417091e-06
crazed,7.164542057580547e-07
create,0.0001759161220979
created,8.425471343798563e-05
creates,1.864436111645773e-05
creation,4.227270001138095e-05
creator,3.690382018248784e-06
creatures,9.982843266698184e-06
crew,1.813258790207328e-05
cried,1.6888768677745246e-05
crime,0.0001003229152411
crimes,1.662915898123174e-05
critical,6.098892408772372e-05
cross,2.9373873303484287e-06
crossed,1.7116551789513322e-05
crowns,1.930624428041483e-06
cruel,0.0002235039809602
cruelty,0.0001646333062672
crush,3.675831649729844e-08
crushing,3.5238074815424623e-06
crust,5.75629837840097e-06
cry,1.289086721953936e-05
crying,1.019536929561582e-05
cue,1.3479123185788922e-06
culprit,1.185036124979888e-06
curate,4.921344479953404e-05
currently,4.8342452428187246e-05
curse,3.465073618826864e-06
cursed,1.287621265873895e-05
custody,1.3997265305079057e-05
cut,1.0875519728870131e-05
cute,0.0001101952900353
d,0.0001682400028221
dale,4.918898747519051e-07
damage,5.925825404119678e-05
damn,3.514261135251218e-07
dance,2.4112631854222856e-05
dancer,2.82149462009329e-06
dancing,1.0901204568654066e-05
danger,2.142231164725672e-06
dangerous,3.0464419651252684e-05
dangers,9.458294630348974e-07
dare,1.1354080688761316e-05
dared,4.411746581354237e-06
dark,5.793257278128295e-06
darkest,0.0001294332245015
darkness,2.147736859114957e-06
darksphere,0.0
darkspheres,0.0
darros,3.238563115246507e-06
dashing,1.5902514060144314e-05
dastardly,1.9909365221337798e-07
daughter,1.6563786375627386e-05
daughters,1.1995153399766423e-05
day,1.05208771492471e-05
days,1.689036325842608e-05
dead,7.630850923305843e-06
deal,1.942964210684295e-05
dear,1.416494737895846e-06
dearly,1.6382840112783015e-06
death,1.004211151666823e-05
decay,1.4234398186090404e-05
decide,3.34908309741877e-05
decided,3.308760709842318e-05
decision,1.4224835049390094e-05
decisions,6.981301346968394e-05
dedicate,1.878382565337233e-05
dedicated,1.830233703003614e-05
deep,2.648539209531009e-06
deepest,9.908172985888086e-05
deeply,3.2305566401191757e-06
defeat,2.523042921893648e-06
defeated,8.068509938311763e-05
defeating,1.0792104785650735e-06
defeats,1.488864031671255e-06
defect,1.3314385887497336e-05
defend,1.48638202699658e-05
defense,6.809449741922435e-06
defenses,0.0
defiled,8.850831123709213e-05
definitely,8.081819856897709e-07
defy,1.7348122969451651e-06
defyin,6.337741258188866e-10
degenerate,2.739134324656334e-06
degenerated,8.035494113300956e-07
degraded,3.779681865125895e-06
degrees,3.237060293031391e-05
deil,4.6659013196403975e-06
deities,2.5410730700059505e-06
deity,3.787416785598907e-06
delay,8.850831123709213e-05
deliberately,1.05208771492471e-05
deliver,1.836688203184167e-05
demanded,5.137716411809378e-06
demise,3.619607582550088e-06
demon,3.8263229771473565e-06
demons,3.3053549195756204e-05
demonstrate,2.080276774449885e-06
den,1.0812052223627687e-05
departed,5.74083004721615e-06
depicted,9.877451539068716e-06
deplorable,1.0792104785650735e-06
deplore,2.083125461922464e-06
descend,2.8670698065980103e-06
descendant,9.88981174714354e-07
descended,5.340875441106619e-06
describe,4.480069568671752e-05
desert,7.301879331862438e-06
deserve,8.76200718266773e-06
designs,2.056020726740826e-05
desolate,1.877207196798736e-08
despair,7.97819403487665e-06
desperate,9.012739783429424e-06
desperately,5.769684585175128e-06
despise,1.4614621909458948e-06
despite,4.497770161833614e-05
despoil,1.5250128872139612e-05
destination,1.2599586661963255e-05
destiny,1.293949484534096e-05
destroy,0.0006040458020288
destroyed,1.2073471280515946e-08
destroying,5.793257278128295e-06
destruction,2.466062152961968e-05
destructive,9.082473970920546e-06
detail,4.883283909293823e-05
detat,3.1470083816653723e-09
determined,0.0001207846392935
detest,0.0
detour,9.21436732141956e-07
devastated,2.08430823136041e-06
developing,7.449127668223809e-05
devil,9.633437741962679e-11
devoid,4.032155670756765e-06
devoting,1.1753736328046217e-06
devoured,5.7378664592988575e-08
did,7.219386510826098e-08
didnt,4.591114258801099e-05
die,0.0001085751620121
died,2.557697349402588e-05
dies,8.442827838734957e-06
different,0.0003786580427549
difficult,0.0001203217997681
difficultly,5.948538998268305e-08
dire,3.798578195528535e-06
directly,0.0001026654338056
dirty,9.84751186479116e-06
disappeared,1.2636596648007982e-06
disappoint,9.415111645694197e-07
disappointed,7.1177600784722015e-06
disappointing,1.0792104785650735e-06
discard,2.33565156804616e-06
discarded,5.1543076187954286e-06
disciple,2.8968076549062973e-06
discovered,1.5718755828331154e-06
discuss,4.236025903082918e-05
disdain,1.9424371157583663e-06
disembarking,1.5842349938566257e-07
disgrace,1.0792104785650735e-06
disguised,0.0002702492297976
dishonorable,3.755934710625297e-07
dispatched,2.7573509260037097e-06
disperse,1.913753051212552e-06
displayed,1.809962575862301e-05
disposal,2.446911374136107e-05
distance,7.541483733803034e-05
distanced,7.977113423862648e-07
distant,1.844654141677893e-05
distract,1.8527682880176145e-06
distraught,9.339470193481248e-07
disturb,2.109942439346924e-05
divided,7.332686982408631e-06
divine,3.6821427130462324e-07
dizziness,1.959230966122049e-06
do,6.32002076599747e-06
docile,8.146457037128129e-07
dodge,7.974189866217784e-05
does,5.034714784414973e-05
doesnt,0.0002718470740364
dog,4.145445989706786e-05
dogs,1.9861590317304945e-05
doh,6.53855014931537e-08
doin,7.896245534766422e-07
doing,1.038032072103734e-10
dolhr,8.081819856897709e-07
dolhrian,0.0
dolhrs,0.0
doluna,0.0
domain,3.1359848671854705e-05
dominate,7.218481996460468e-06
dominion,2.45819651581769e-06
done,2.6390490859284912e-08
dont,7.630850923305843e-06
doom,2.078616803373734e-06
door,9.967727207516042e-10
doubt,8.76200718266773e-06
doubted,3.945823605135956e-06
down,3.237060293031391e-05
dracoknight,0.0
dracoknights,0.0
drag,1.1380787600501208e-06
dragged,6.7142857869839644e-06
dragon,1.9861590317304945e-05
dragonkin,1.3317392877070232e-05
dragons,0.0001258412409515
dragonstones,2.1087912117911942e-10
dragoons,2.990768211930117e-07
draw,9.982843266698184e-06
drawbridge,3.003400917123145e-07
dream,2.73699127137661e-05
dreaming,3.518743681070191e-06
dreams,1.6342503076884896e-05
dreamt,9.863774187124365e-07
dregs,4.107192370383928e-07
dress,2.2408534860005603e-05
drew,2.161215927117155e-05
driven,3.7785582344440634e-06
drop,4.329957825177644e-08
dry,5.0945977127412336e-05
due,6.586787741014179e-08
duke,3.109892199972819e-06
dumpin,3.6399400071829285e-09
durhua,0.0
during,0.000431996975094
duty,9.967727207516042e-10
dwells,1.5906225416983944e-05
dyin,6.171750776218233e-08
dying,1.5296699948521565e-05
dyou,3.103038144214309e-09
each,2.895258680837287e-06
ear,2.2042704695195423e-05
earlier,3.0464419651252684e-05
early,0.0002109502526582
earn,5.102592083858326e-05
earth,1.4705598969158018e-05
ease,1.558984804432839e-06
easier,7.529314251542019e-07
easily,5.893737574069746e-07
east,3.521987011481542e-05
easterly,1.96051064904168e-06
eastern,4.828126333222826e-07
easy,6.842495968157891e-05
edge,3.404867475182982e-06
eerie,1.3306407629443128e-06
effect,0.0002382403085357
effective,3.6821427130462324e-07
effort,2.8924238381478063e-06
efforts,1.8947290773212444e-05
eh,0.0003786580427549
eibel,1.9336765820499035e-10
either,2.516477960057273e-07
elaborate,1.1954474030062556e-05
elder,0.0004439889616332
elders,5.352976054382452e-06
elected,3.2289223017869514e-05
elice,2.6215900106763003e-06
elices,8.828885211187298e-07
elite,6.053720715826218e-08
elites,4.811664034605201e-06
ellis,3.606053660121233e-08
else,8.315814287925605e-05
em,0.0
embarrassed,5.16505927862454e-06
embarrassing,3.1738096549815965e-06
embedded,1.1316318341414444e-05
emblem,1.2131978346587855e-05
emerged,7.366042991634458e-06
emergency,3.5439649072941395e-05
emperor,8.053565916270599e-06
empire,7.472879529814236e-05
employ,0.0001356115448288
empress,6.82883098761522e-07
encouraged,2.491528182872571e-05
end,0.0002718470740364
endeavored,9.458294630348974e-07
ended,1.4765958667339874e-05
ends,0.0
endure,5.359608135222515e-06
endured,3.577130401026807e-06
enemies,2.2117560216639022e-09
enemy,7.221590735184692e-08
enemys,1.2859534113118798e-08
energies,1.287621265873895e-05
engage,7.776032518336252e-08
engagement,1.3061646368441873e-05
enlist,1.74414072489526e-06
enormous,1.9735879468498752e-05
enough,0.0001617791102034
enshrined,1.2525789111350604e-06
enslaved,1.6833198242238722e-06
enter,0.0001830498644267
entered,0.0001384304111707
entire,4.007724606935881e-07
entrenched,2.6215900106763003e-06
entrust,1.638859523609426e-06
entrusted,1.059064118180686e-06
envy,3.859223565996217e-06
epic,5.020693233745987e-06
equal,9.071984051843172e-05
equip,6.691191061690916e-05
equipment,3.807079233411059e-06
equipping,8.910610438306321e-07
er,5.75629837840097e-06
era,2.475154586136341e-05
eradicated,9.052456448443992e-07
erm,1.2203336112293074e-07
escape,1.864436111645773e-05
escaped,5.352976054382452e-06
escapes,2.335728836442286e-06
escaping,4.213463703308662e-06
escort,3.562313913789694e-06
especially,5.28355699458416e-08
est,7.977113423862648e-07
establish,6.60191223869333e-05
established,0.0001361908143735
esteemed,1.726634138776717e-06
etched,2.403714584033878e-06
eternity,4.000681424258801e-06
even,1.678530186666194e-07
evening,4.191671261651209e-05
event,7.629608749994077e-05
events,0.0002718470740364
eventually,3.765614892472513e-05
ever,1.059064118180686e-06
every,3.03344456369814e-06
everybody,1.501164002547739e-05
everyone,4.493587030083291e-06
everything,8.00695174257271e-05
everythings,6.864218065061323e-09
everywhere,2.5388689973624423e-05
evil,1.686592333498993e-05
exactly,4.699119250290096e-05
example,0.0003017300611827
excalibur,6.691191061690916e-05
excavate,4.6362353316453676e-07
exceedin,6.5888937572644585e-09
exceeds,1.2774624865414808e-05
excellent,3.779073565965519e-05
except,1.940389036462875e-05
exception,3.563653001037892e-05
exchange,8.152810100000352e-05
excuse,8.830059732645168e-07
executed,0.0006040458020288
executing,4.07025371259806e-06
execution,2.221183451183606e-05
exhausted,9.589763785697868e-06
exiled,1.8648218338057632e-06
exist,1.3820993547408732e-08
exists,3.0803312074567657e-06
exp,6.495171555798152e-06
expect,3.1627364216468835e-09
expected,7.219386510826098e-08
expecting,7.241071693897539e-06
expedition,8.273718476630165e-06
expend,1.5431223141604278e-06
experience,5.438770849650609e-06
explain,5.269089473586064e-05
explanation,3.804058200330474e-05
exposed,3.4915368232759647e-05
expression,7.525169137807098e-05
exterior,7.366042991634458e-06
extinct,2.699529413803248e-06
extinction,5.797811563752476e-06
extinguished,5.438770849650609e-06
extra,3.3726316542015414e-05
extract,1.260759607248474e-05
extradition,1.6457714252737788e-06
ey,7.911341629096569e-07
eye,5.709523917175829e-05
eyes,3.7894180104558473e-06
f,8.912667879485526e-05
face,5.269089473586064e-05
faced,6.517188521684147e-06
facing,2.328000384295592e-05
fact,0.0002702492297976
fade,9.03625432329136e-06
fades,8.827326106256805e-05
failed,5.493808530445677e-05
fair,0.0002235039809602
faith,9.1559115844575e-09
falchion,3.378427431016462e-05
fall,5.893737574069746e-07
fallen,7.896245534766422e-07
fallin,4.766622442531343e-08
falls,2.1152674780751112e-05
families,1.85057225280616e-05
family,8.315814287925605e-05
famous,1.2240499981999163e-05
fan,1.0178700922551796e-05
fancy,7.747715744699236e-06
fane,5.102592083858326e-05
fangs,8.604796494182665e-07
far,7.301879331862438e-06
faraway,1.2240499981999163e-05
farewell,3.779073565965519e-05
farewells,2.682181138879969e-07
faring,3.399638808332384e-07
farms,1.715058933768887e-05
fast,1.8509108485886827e-05
fate,2.914502099429228e-06
father,3.3053549195756204e-05
fathers,6.552654835104477e-05
fault,5.6914662272902206e-05
favor,4.243862399562204e-06
favour,1.705674185359385e-05
fear,2.029081895216223e-06
feared,3.269594442301127e-08
fearful,9.60575484327819e-07
fearless,9.339796524727718e-06
fears,3.8263229771473565e-06
fearsome,0.0004196861945092
fed,1.9173039363522547e-05
feel,1.4268369795900073e-05
feeling,6.194610679813195e-05
feelings,3.836553041765e-05
feels,1.9807797943940383e-05
fell,9.801490854499662e-09
fellow,2.634257598401746e-05
felt,0.0001290501590119
female,5.9990141744492574e-05
females,2.0535775965981885e-05
feral,7.711032435508969e-07
feud,1.0996348035519078e-06
few,3.777358164370526e-05
fiend,0.000221744669252
fiends,3.688868628159981e-06
fierce,9.751420320753822e-06
fiercer,2.2976723414558365e-07
fight,9.571914833941264e-06
fighting,2.3227063365993678e-07
fights,6.310082002869421e-07
figure,8.533203901606612e-05
fiiiire,2.5576677303851267e-11
fill,2.88966549851466e-05
filth,1.218517968482047e-06
filthy,2.216470327311981e-06
final,3.95685415242042e-06
finally,1.7437719657209527e-06
find,1.2094698931264248e-08
finding,5.5163698416436094e-05
fine,1.7880504256027052e-05
finest,7.511667972721625e-06
finger,1.9303078879602253e-05
finish,2.7702883517122244e-06
finished,3.446961458394071e-05
fink,6.96241205844217e-08
fire,1.7038079859048595e-05
fires,9.71485012996709e-06
firestone,1.2094698931264248e-08
first,1.7880504256027052e-05
fit,4.3977512614219446e-05
five,0.00017994503316
flame,3.43885763140861e-05
flames,0.0
flank,3.749515067283937e-06
flash,9.547634981572628e-06
fled,1.6379559619963403e-05
flee,8.6203363707682e-07
fleeing,2.3380577067655397e-06
fleeting,2.0916055996167417e-06
flesh,1.7038079859048595e-05
fliers,3.308760709842318e-05
flowed,3.977201345151116e-06
flowing,1.0923267400357872e-05
flustered,5.664794812787477e-07
focus,3.705174913193332e-05
focused,3.1111987846088594e-05
foe,2.3191477048385422e-05
foes,3.4006952063236897e-07
foggiest,7.776032518336252e-08
follow,8.068509938311763e-05
followed,8.068509938311763e-05
followers,9.751420320753822e-06
following,0.0003176977054681
fond,5.324025723894011e-06
food,0.0001391082980262
fool,8.875479088601424e-06
foolish,2.2499245569633787e-05
fools,1.942964210684295e-05
foot,6.449371880989929e-08
for,3.329442915855907e-05
force,1.080939506348244e-08
forced,4.485012657823973e-05
forcefully,2.142231164725672e-06
forces,4.23429026424893e-10
forcing,8.63430156641698e-06
foreign,1.3776764717476908e-05
foreigners,6.549947129315115e-06
forest,2.1938357058388646e-05
forested,1.975017880795349e-06
forests,1.6563786375627386e-05
foretold,7.529314251542019e-07
forever,0.000221744669252
forged,3.800027234319714e-06
forget,7.68833284610082e-07
forgive,5.478931125253439e-06
forgot,1.7225138503818017e-06
forgotten,1.602951313543599e-05
forlorn,9.329147542302962e-07
form,2.161215927117155e-05
formed,6.83630356421161e-10
former,8.699298210558481e-05
formidable,1.05208771492471e-05
forms,0.0001144620249397
forsake,8.936486813126976e-07
fort,3.935592508241825e-07
forth,1.5040955040603875e-05
fortress,1.199280584387452e-06
fortresses,1.0072979330288943e-05
forts,1.7393384041497484e-06
fortune,1.015951225781464e-05
forward,0.0002101466830936
forwards,2.1215096921878286e-06
fought,5.2972240919189065e-05
foul,2.320053226867458e-06
found,3.798578195528535e-06
founded,2.2499245569633787e-05
founding,7.274241079358035e-06
four,0.000221744669252
fourteen,9.080229528990455e-06
fourth,3.710255081387004e-05
fragments,1.5133261895243775e-05
frail,2.185290259149042e-06
frankly,4.146087089793582e-06
free,3.501291516272431e-07
freed,5.438770849650609e-06
freeing,1.9391574687688263e-06
freely,1.4220018947526114e-05
frequent,2.4229032205767e-05
fresh,3.9923270596773366e-05
friend,8.00695174257271e-05
friendly,1.899137281725416e-05
friends,2.64572444211808e-05
frightening,3.5762386187343507e-06
frightful,1.1193248280960689e-06
from,8.262662305469348e-07
front,2.109942439346924e-05
frozen,1.4622726739617065e-05
fulfill,9.62446613357315e-07
full,6.1964143969817084e-06
fullest,2.8647852150243123e-06
fully,7.461393266567029e-05
fun,1.999256393901305e-05
fund,6.1964143969817084e-06
furious,4.189107771708223e-06
further,0.0002124445492518
fury,4.113560862606391e-06
future,0.0001650540457922
gah,2.914502099429228e-06
gahaha,0.0
gain,9.180261095025344e-06
galder,3.5238074815424623e-06
gall,1.4798659185544238e-06
gambling,5.457453071358032e-06
gap,2.5923618050001096e-05
garnef,1.4204942569429056e-11
gashing,1.7587035312516265e-08
gates,3.308760709842318e-05
gather,4.983260379276544e-07
gathered,3.731296892510727e-05
gathering,1.4587802379537606e-05
gato,3.2847307984695824e-08
gauntlet,4.771867645558814e-07
gave,3.756001380679664e-05
gaze,1.653915455335664e-05
geez,3.4816321028419145e-08
general,3.04178788610443e-06
generals,0.0004193688405212
generations,3.558180316758808e-05
gentle,1.2131978346587855e-05
gently,1.5203927123366157e-05
geosphere,6.053720715826218e-08
get,5.709523917175829e-05
gets,2.2717441402164697e-06
getting,1.844654141677893e-05
gettings,6.79235468226125e-08
gharnef,5.639912931655999e-05
gharnefs,3.790319451582036e-06
ghosts,3.3100570954047727e-06
ghouls,3.103038144214309e-09
gift,1.7944039809663083e-05
gifts,1.526778727566125e-05
gigantic,2.93148093533091e-06
girl,3.0464419651252684e-05
girls,2.972177824744904e-07
give,1.5040955040603875e-05
given,8.283294036098842e-10
giving,6.929871044121683e-05
glad,1.3317392877070232e-05
gladiator,5.269089473586064e-05
gleaming,2.0705188899228235e-06
gloat,1.8505657322975824e-07
glory,4.000681424258801e-06
glowing,8.850831123709213e-05
go,8.21985348011367e-06
goal,5.246346096100751e-05
goals,1.2259448237728069e-06
god,4.983260379276544e-07
goddess,9.45740082897828e-06
gods,1.558984804432839e-06
goes,3.562313913789694e-06
goin,3.404867475182982e-06
going,1.959230966122049e-06
gold,1.0979493281411125e-05
golden,3.521987011481542e-05
gomer,1.3293017964599585e-07
gone,9.442989257877344e-06
gonna,1.6379559619963403e-05
good,1.016370183606341e-06
goodbye,4.243862399562204e-06
goodness,7.178074529292644e-06
gordin,3.127627494492469e-10
got,1.855190616879554e-06
gotcha,4.1130045291826185e-09
gotoh,1.5906225416983944e-05
gotohs,3.453339286352275e-05
gotten,1.1186423389517586e-05
governing,2.109942439346924e-05
gra,2.2042704695195423e-05
gradivus,1.8497151304472938e-05
granddaughter,2.5923618050001096e-05
grandfather,1.9394984938116974e-05
granny,3.748705677253383e-07
grant,9.339796524727718e-06
gras,2.671619165539596e-07
grasp,6.570896977791562e-05
grateful,1.3822721830365482e-05
gratitude,7.293265825865092e-06
grave,1.999256393901305e-05
graveyard,1.2638721034363698e-06
great,7.165549010096584e-05
greater,0.0001384304111707
greatest,4.1544537743902765e-05
greed,3.0153806756061387e-06
greet,6.420501204047469e-06
greetings,2.1585631679954533e-06
grief,9.446924314033825e-06
grievous,1.0956291635011438e-06
grip,8.150349021889269e-06
gripped,1.5842349938566257e-07
ground,5.769684585175128e-06
group,0.0002774764836067
groups,0.0001759161220979
grown,1.2859534113118798e-08
grr,7.711032435508969e-07
grrf,7.117217492441652e-11
grrr,5.280755299708062e-09
grudge,3.653619125543628e-05
grumbled,1.271725993774453e-06
grunia,0.0
grunias,0.0
grust,8.396846737923624e-07
grustian,0.0
grusts,1.427839342795778e-06
guard,4.685455182595888e-07
guarded,4.002889145340305e-06
guardian,0.0002441861253464
guardians,2.4204879650824297e-06
guarding,3.9143399362728813e-07
guards,3.1738096549815965e-06
guess,4.493587030083291e-06
guidance,2.557697349402588e-05
guise,2.256791722174967e-06
gut,5.508328622454428e-06
guy,1.618766707906616e-05
guys,2.6242338293513965e-07
gwa,1.9008919824869962e-08
gwaa,4.375064272671425e-10
ha,4.940474427712616e-06
had,3.596800008381251e-05
hadnt,2.307143139645973e-08
haha,0.0001009904488455
hahaha,1.3820993547408732e-08
hahahaha,4.824491428578881e-09
hair,5.98574101968552e-05
half,8.283294036098842e-10
hallowed,0.0
halls,4.3720331041186e-06
halving,2.647692485879816e-07
hammerne,7.022561533176486e-07
hammers,0.0001337176857487
hand,1.6379559619963403e-05
handed,1.8634123443916904e-05
handful,6.825958216722938e-06
hands,2.815204253181491e-07
hang,0.0
happen,4.211534537716944e-06
happened,1.5255887933562917e-06
happening,1.6292555956169962e-05
happens,2.581733264378272e-05
happier,3.03344456369814e-06
happily,1.9550527554201838e-06
happiness,5.020693233745987e-06
happy,9.180261095025344e-06
har,6.242951315016398e-07
harbor,6.852565875306027e-06
hard,9.71485012996709e-06
hardin,6.939217761100735e-05
hardins,1.5654911533768967e-11
hardly,3.29919622890884e-05
hardships,2.566431840023142e-06
harmed,1.952855727722636e-06
harmein,0.0001203217997681
harness,3.0803312074567657e-06
harsh,8.784976425886271e-06
harshest,2.5160600216622697e-06
has,0.0
hasnt,1.344357257039519e-05
haste,1.3716462476054406e-07
hasty,5.118366866554424e-06
hate,5.827672821396846e-06
hated,4.811026474271784e-06
hatred,6.945191671547946e-06
have,1.038032072103734e-10
havent,2.6390490859284912e-08
having,0.0001960378725198
he,5.470447822517599e-06
head,2.130157353974482e-07
headed,2.3724541679257528e-05
heading,2.0160934000159613e-05
headquarters,1.4790048007853327e-05
heads,2.847241252311505e-05
health,3.4816321028419145e-08
healthy,2.447883558488684e-05
hear,9.181385896226856e-05
heard,1.1873051334987396e-05
hearing,7.533391173637938e-05
heart,0.0
hearted,2.9373873303484287e-06
hearts,4.189107771708223e-06
heat,8.136985095916316e-05
heavens,4.827315765396634e-06
heavy,1.4852412823529449e-06
hee,1.1954474030062556e-05
heed,4.983260379276544e-07
heeded,2.1694195856980514e-06
heeding,2.077477025522967e-05
heels,5.478770731315308e-06
heh,2.7702883517122244e-06
hehe,1.85057225280616e-05
heimler,2.4883293485800097e-06
heirlom,0.0
heirs,4.896518516943615e-06
held,5.243485093160416e-06
hell,5.325253414412145e-06
hello,6.310082002869421e-07
help,2.4162704467016738e-05
helped,1.211665859557343e-07
helping,3.2028273505568806e-11
helpless,6.901825036038644e-05
helps,2.353416148253018e-05
her,2.917555637395708e-05
here,8.283294036098842e-10
hero,2.6242338293513965e-07
heroes,2.5923618050001096e-05
heroic,6.092330504543498e-06
hers,1.0436900483909994e-05
herself,6.585426544916117e-05
hes,3.0059506789257283e-05
hey,1.05208771492471e-05
hid,3.72259302821476e-06
hide,1.40963162175467e-05
hideout,2.770271308349948e-07
hiding,1.906314461166403e-06
high,4.227270001138095e-05
higher,9.14420017466e-07
highest,5.041774005803745e-05
highness,2.516477960057273e-07
highnesss,2.7466698464262415e-11
hill,1.5906225416983944e-05
him,0.0001120046871074
himself,0.0001009904488455
hired,1.2391614982334433e-05
his,1.705674185359385e-05
hisher,2.706654709805356e-09
historic,1.686592333498993e-05
history,1.580171271484687e-06
hit,3.521987011481542e-05
hits,3.514261135251218e-07
hm,6.852565875306027e-06
hmm,3.807079233411059e-06
hmmm,7.081546458564958e-08
hmph,9.801490854499662e-09
ho,3.2305566401191757e-06
hog,1.88194708471201e-06
hogging,1.0377772170500067e-07
hoh,1.877207196798736e-08
hold,3.800027234319714e-06
holding,1.6727052502574225e-06
holds,3.615600324025081e-08
hollstadts,0.0
holm,6.586787741014179e-08
holy,1.654781453908072e-05
home,0.0
homeland,8.029487653402612e-05
homelands,8.396846737923624e-07
homes,3.03344456369814e-06
honest,1.4687653692817548e-05
honestly,8.362320168089354e-06
hop,3.238563115246507e-06
hope,3.1111987846088594e-05
hoped,3.779681865125895e-06
horrendous,7.529314251542019e-07
horrible,1.1112314489025721e-07
horrific,1.0996348035519078e-06
horrors,2.1585631679954533e-06
horses,2.218141653429484e-05
hostage,1.705674185359385e-05
house,0.000159640880156
houses,3.9437475643353536e-05
how,6.1964143969817084e-06
however,3.502459276205627e-05
huff,3.4006952063236897e-07
huge,6.954277216664195e-07
huh,8.150349021889269e-06
human,2.078616803373734e-06
humanity,1.4268369795900073e-05
humans,3.6280957010603744e-06
humble,1.024446316932881e-06
hundred,6.295974824752193e-05
hundreds,1.9815377381746657e-05
hungers,1.363105943141818e-07
hunter,4.763561287290941e-06
hunters,3.34908309741877e-05
hurry,2.9258285139803774e-05
hurt,1.0872500643017704e-05
husband,5.857809243025258e-05
i,7.219386510826098e-08
ice,3.7671848258469256e-05
icy,2.8163854062768223e-06
id,1.2859534113118798e-08
idea,7.728747787041357e-06
identities,8.33997937888853e-06
idiot,2.580045648983287e-06
if,7.977113423862648e-07
ignited,1.4019169634593708e-06
ill,3.03344456369814e-06
illusion,1.9815377381746657e-05
im,1.2097504259145352e-06
imhullu,1.642913097384735e-05
immediately,2.216470327311981e-06
impassable,5.991917242909039e-07
imperial,9.807746637306992e-06
impersonal,2.740675681707216e-06
implying,4.030716754641617e-06
important,4.764119357787422e-06
impossible,5.709523917175829e-05
impression,2.135021535650594e-05
imprisioned,9.181385896226856e-05
imprisoned,0.0002718470740364
improve,3.748705677253383e-07
improved,4.684462386649102e-05
in,2.5440120149378133e-11
inch,5.280755299708062e-09
incinerate,8.827326106256805e-05
includes,9.052907509612852e-05
including,1.9437984838077683e-06
increase,3.417689622438047e-05
incredible,6.413739629351767e-06
incurring,1.441219457092302e-06
indeed,6.901825036038644e-05
independent,8.417053184530232e-05
inevitably,5.948538998268305e-08
infamous,6.438258124035201e-06
influence,0.0001294332245015
influential,1.114607161071035e-05
inform,1.4705598969158018e-05
information,0.0004196861945092
inherited,1.296029214245209e-05
inheritor,3.5238074815424623e-06
injured,0.0006040458020288
inner,3.632169296906795e-05
innocent,1.2700213774223813e-05
innocents,9.180261095025344e-06
insane,3.685404208226828e-06
insects,1.039229791786056e-05
inside,1.3499790875357577e-05
insist,1.3967572598971858e-07
insisted,1.462267853639787e-05
instant,1.7375157221977132e-05
instantly,7.45618794553593e-06
instead,3.501291516272431e-07
instigate,3.579944751663789e-07
instinctively,2.1488953257176035e-06
instructed,2.6242338293513965e-07
insult,3.801206103162258e-06
intellect,5.374174306780332e-06
intend,6.438258124035201e-06
intended,3.765614892472513e-05
intends,6.591890751224128e-06
intention,2.64572444211808e-05
interested,5.455078768136445e-05
interesting,5.408753473602701e-05
interrupting,1.6837032876537706e-06
into,2.185290259149042e-06
intolerable,2.665355941644521e-06
intruders,3.203858796041459e-06
intruding,6.300071322584699e-07
invade,3.763095610338496e-06
invaded,3.95685415242042e-06
invading,2.093499224429252e-06
invaluable,4.983260379276544e-07
invasion,1.3680343563464703e-05
investigate,2.812261711369501e-05
invite,7.76827484514797e-06
involved,1.1743667727159846e-08
iote,3.134699272377972e-09
iotes,7.878115613341173e-10
irreparable,1.4916303837253508e-06
irreplaceable,6.070069969155156e-07
irritation,4.211534537716944e-06
is,2.0099250696148373e-06
island,8.150349021889269e-06
isle,0.0
islet,9.846985199146729e-07
isnt,1.2648709962377324e-05
it,3.1738096549815965e-06
itd,1.1743667727159846e-08
item,4.14213705516886e-05
items,0.0002034962273319
itll,7.558572545640631e-09
its,2.661186230398016e-05
itself,0.0001595981779973
ive,4.983260379276544e-07
jagen,3.1627364216468835e-09
jaw,7.225835815916071e-06
jaws,2.631588872645807e-06
jealousy,3.6988333476983833e-06
jeorge,5.893737574069746e-07
jeorges,1.0489469712965383e-10
jewel,1.710250921860279e-06
jewels,2.4129244866344377e-06
jiol,7.022561533176486e-07
jiols,0.0
job,0.0001153818996681
jobs,2.5023114767464e-06
join,2.566431840023142e-06
joined,5.128338941007282e-10
joining,1.4852412823529449e-06
joke,7.143217658267531e-06
journey,3.798987425398081e-05
journeyed,8.604796494182665e-07
joy,1.831715148000512e-05
jubelo,1.532466667453214e-11
judgment,1.0072979330288943e-05
julian,3.43885763140861e-05
jumped,1.074952397175366e-05
just,7.971866769366897e-05
justice,1.3499790875357577e-05
kee,1.942964210684295e-05
keep,0.0002259495834005
keeps,1.024988388053316e-05
kept,7.663751362997573e-05
key,1.3333584865904412e-06
khadein,6.337741258188866e-10
khadeins,0.0
kid,7.472879529814236e-05
kidding,2.13761217537467e-06
kidnapped,7.711032435508969e-07
kidnapping,1.9327881727804195e-06
kids,2.3005833445495223e-05
kill,3.72259302821476e-06
killed,5.325253414412145e-06
killer,5.769860483724187e-06
killing,1.257686355529586e-05
kind,9.967727207516042e-10
kindness,5.827672821396846e-06
king,5.743908668591757e-06
kingdom,7.262510155214841e-07
kingdoms,2.478564742887101e-06
kings,1.7587035312516265e-08
knew,2.1544792616623454e-06
knight,1.942964210684295e-05
knightly,1.024446316932881e-06
knights,3.269594442301127e-08
knorda,3.653619125543628e-05
know,1.4220018947526114e-05
knowing,0.0
knowledge,0.0001504016737453
known,5.194182195467079e-08
knows,1.7880504256027052e-05
kris,5.7378664592988575e-08
lack,8.029487653402612e-05
lacking,1.2986981273570564e-05
lad,2.466062152961968e-05
lady,5.709523917175829e-05
ladys,9.800882736499262e-09
lance,7.698106787756842e-07
land,0.000132501865155
landed,1.0228504315819007e-05
landing,7.219386510826098e-08
lands,4.766622442531343e-08
lang,7.752875626465538e-07
langs,1.0680120007933169e-07
large,9.458294630348974e-07
largest,4.8349845528719015e-05
last,2.0099250696148373e-06
late,3.278845365457528e-06
lately,3.6280957010603744e-06
later,3.6117515410296616e-05
laugh,1.5395023983728605e-05
launched,3.699055618199054e-05
lax,1.5135632088458805e-06
lay,1.3499790875357577e-05
le,1.909831938974093e-05
lea,1.0178700922551796e-05
lead,0.0
leader,6.433692459495433e-07
leading,6.570896977791562e-05
leads,1.0680120007933169e-07
leaf,1.618766707906616e-05
league,0.0
leagues,2.167622194519936e-06
learned,5.269089473586064e-05
least,0.0002228560339426
leave,2.446911374136107e-05
leaves,5.241917951934738e-06
leaving,0.0
led,8.827326106256805e-05
lefcandith,0.0
left,2.6390490859284912e-08
leg,2.070090968118165e-05
legend,2.648539209531009e-06
legends,3.404867475182982e-06
lemme,6.449371880989929e-08
lena,4.918898747519051e-07
lenas,8.343986482941546e-06
lend,2.4162704467016738e-05
lending,3.996213621576317e-05
lengthens,2.293403139219663e-07
lent,4.145445989706786e-05
less,3.6117515410296616e-05
let,5.1543076187954286e-06
lets,2.185290259149042e-06
letter,9.440791545785032e-05
letting,1.1632101241048076e-05
level,2.566431840023142e-06
levin,5.793257278128295e-06
liberate,3.615600324025081e-08
liberated,4.921344479953404e-05
liberation,7.084107710397802e-05
liberators,1.8166297593325e-07
liberty,1.473912047003978e-05
lie,3.1914376450004056e-05
lied,3.2473532087351485e-06
liege,2.130157353974482e-07
lies,9.21436732141956e-07
life,0.0001360204050433
lifeless,1.4803795943407748e-06
lifesphere,2.568795782337263e-10
lift,1.5459100886801025e-05
light,6.81966734106254e-08
lightning,8.029487653402612e-05
lightsphere,1.7587035312516265e-08
like,8.52155977554503e-06
liked,2.0905871515424224e-05
likely,0.0001306316250702
likes,8.417586277573719e-06
lil,3.634920219042215e-07
limits,4.8757440890767614e-05
linde,3.233918118894508e-06
line,1.136391213663046e-07
lineage,3.803576009886456e-06
lining,5.431474364741007e-06
listen,3.1111987846088594e-05
listening,2.1283741407387424e-05
little,1.440428482965217e-05
live,8.976788041763938e-05
lived,1.1936501159652837e-05
lives,1.035356144711841e-06
livin,2.156812763587368e-07
living,2.0860709696535198e-07
liza,9.60575484327819e-07
loadsa,9.967727207516042e-10
location,4.07025371259806e-06
locked,1.401265331878676e-05
lone,3.3950026272577818e-06
lonely,6.857973194200894e-06
long,3.0464419651252684e-05
longer,8.850831123709213e-05
look,4.216264511569534e-07
looked,0.0001337176857487
lookin,1.9336765820499035e-10
looking,1.855190616879554e-06
looks,0.0001157306939421
loose,2.2873208217788486e-05
loot,0.0001337176857487
lord,1.8505657322975824e-07
lorenz,3.214254957129015e-06
lorenzs,0.0
lose,1.2457181446734466e-06
losing,1.641377422856749e-05
losses,3.5146423069818414e-05
lost,1.855190616879554e-06
lot,8.850831123709213e-05
lots,1.5602174407831626e-05
lousy,9.74974863083844e-07
lov,1.1112314489025721e-07
love,0.0
loved,1.8527682880176145e-06
lover,9.68211150393472e-06
loving,1.1644889400486137e-05
low,0.0002127754240063
lower,0.0001481044713
lowlife,6.988280102149248e-08
lowlifes,2.8723128540075747e-08
loyalty,1.0369115725552547e-05
luck,1.0943672277790029e-05
lure,2.5023114767464e-06
lured,1.117613435326348e-06
lurking,1.4677114495498244e-06
lv10,2.08430823136041e-06
maam,1.4030994961444776e-08
macedon,4.145445989706786e-05
macedonia,3.9750795610693506e-09
macedonian,2.5330120523303634e-09
macedons,9.458294630348974e-07
made,7.221590735184692e-08
mage,6.171750776218233e-08
mages,0.0
magic,1.726634138776717e-06
magical,5.247463336672809e-06
magics,5.194182195467079e-08
magma,1.8244533964661968e-06
main,0.0001326196157606
maintain,6.29579953965731e-05
make,4.032155670756765e-06
makes,8.614761238277424e-05
makin,2.813351471786518e-07
making,0.0001899896236136
malledus,0.0
mamkute,0.0
mamorthod,7.842122249712702e-05
man,1.7375157221977132e-05
managed,3.56331397415488e-05
manakete,1.844654141677893e-05
manaketes,5.8811486269405576e-06
manipulated,3.04178788610443e-06
manipulating,2.217789453879959e-06
mankind,5.130582003403106e-06
manners,5.478931125253439e-06
mans,5.769684585175128e-06
many,4.7426803939742966e-05
mar,1.9328188523104475e-06
marcelus,0.0
march,8.94812717433524e-08
marched,5.447770445243805e-06
marching,1.4803795943407748e-06
maria,3.3726316542015414e-05
marias,2.835663026612422e-09
marisha,4.049252724791508e-11
mark,6.45591682405211e-05
market,3.8138039963087066e-05
marriage,5.034714784414973e-05
married,5.388131692598108e-05
marry,1.4014869357197311e-05
marrying,3.0567839303330403e-06
marth,6.60191223869333e-05
marths,3.9505507884314285e-05
marvelous,2.523042921893648e-06
mask,1.043935762027104e-05
massacred,6.08338466463465e-07
master,5.324025723894011e-06
match,1.817139182094252e-06
matter,9.21436732141956e-07
matters,0.0001203217997681
matthis,1.2094698931264248e-08
matured,1.8527682880176145e-06
may,1.653915455335664e-05
maybe,1.117613435326348e-06
me,1.942964210684295e-05
mean,5.1543076187954286e-06
meaning,8.670393581269308e-05
meaningless,4.228298512316542e-06
means,2.4883293485800097e-06
meant,2.88966549851466e-05
meanwhile,1.6563786375627386e-05
measure,8.775049627729458e-06
medeus,2.648539209531009e-06
medeuss,0.0
medicine,3.562313913789694e-06
mediuth,0.0
mediuths,0.0
medon,1.0557703467029e-09
meet,2.895258680837287e-06
meeting,0.0001079935191955
members,0.0002101466830936
memories,1.2648709962377324e-05
memory,6.080980761907995e-05
men,5.099826310470235e-05
menace,2.243893909508188e-06
mend,8.334846197612933e-06
menedi,0.0
mentally,1.0072979330288943e-05
mention,3.0464419651252684e-05
mentioned,7.084107710397802e-05
mercenaries,2.9373873303484287e-06
mercenary,7.911341629096569e-07
merchant,1.0943672277790029e-05
mercurius,6.825958216722938e-06
mercy,8.982862091215793e-06
mere,3.296613208476629e-06
merely,5.3174453278188593e-05
merits,1.1715791315509704e-05
merric,1.855190616879554e-06
mess,8.050502328842413e-06
message,4.90078854636522e-05
messed,8.72388451966799e-07
messenger,4.6659013196403975e-06
met,1.6837032876537706e-06
meteor,6.495284554830505e-07
meters,1.3881345876143312e-05
michalis,1.2564937257319998e-10
michaliss,0.0
middle,7.503322121920064e-05
middleroad,3.0345029281009236e-10
midia,6.517188521684147e-06
midst,9.46051737628295e-06
might,2.914502099429228e-06
mightiest,2.50118727365134e-07
mighty,0.0001481044713
military,0.0001145295605238
millennium,3.1058883860168862e-06
miloah,5.532229130267297e-07
mind,1.024988388053316e-05
minds,1.8198194175056416e-05
mine,2.403714584033878e-06
minerva,2.0860709696535198e-07
minervas,8.21985348011367e-06
minion,1.4305286782700932e-07
minions,3.779073565965519e-05
miracle,6.090128226787783e-06
miss,1.337526916358911e-05
missed,4.389353038277477e-05
missing,3.053285925034288e-06
mission,3.8138039963087066e-05
mistake,1.440428482965217e-05
mistaken,7.007324584265007e-06
mister,4.948600707166406e-07
mite,1.427839342795778e-06
mix,1.9394984938116974e-05
mkay,2.227377739194569e-10
mmm,3.652524294011528e-05
moment,1.3629948462039464e-05
monarch,3.037123892681848e-06
monastery,4.213463703308662e-06
money,4.049252724791508e-11
monster,5.137716411809378e-06
monsters,2.1789024413010337e-06
monstrous,2.4347619091713566e-06
month,8.828727179206908e-05
months,0.0001360204050433
morale,4.48997118837724e-06
more,6.267797010572895e-11
moreover,9.547634981572628e-06
morodof,0.0
moron,2.815204253181491e-07
morzas,8.235342869866713e-09
most,3.378427431016462e-05
mother,8.235342869866713e-09
motherlands,9.429113463355066e-09
mothers,7.68833284610082e-07
mountain,0.0001203217997681
mountains,1.8072970233333764e-05
mouth,5.2972240919189065e-05
move,4.983260379276544e-07
moved,7.824181884643621e-05
moving,6.066890113288537e-05
much,7.389876378738336e-07
murder,2.3301666133193062e-05
murdered,1.0792104785650735e-06
murderer,3.0378888573068253e-06
murderers,1.483791584178107e-06
must,5.536909025977366e-05
mustnt,3.748705677253383e-07
mwahaha,6.912970626493651e-11
my,3.521987011481542e-05
myself,2.2408534860005603e-05
mysterious,7.966901521285762e-06
mystery,5.186957263504155e-05
myth,1.119534019380808e-05
n,3.237060293031391e-05
na,8.52155977554503e-06
naga,5.9495943351066674e-05
nagas,3.332591074212132e-08
nailed,1.4367179142027453e-06
naive,4.444741020961373e-06
naivety,2.1682538488221327e-07
name,2.466062152961968e-05
named,1.2072103550053726e-06
names,1.4677114495498244e-06
narrow,3.417689622438047e-05
nation,6.53384109318722e-05
nations,3.798987425398081e-05
natural,0.0001359843705722
naturally,2.25515062265913e-05
natured,1.1130740665521445e-06
natures,1.5919021188892656e-06
naught,9.64602161275252e-07
navarre,1.9173039363522547e-05
near,8.614761238277424e-05
nearby,0.0001085751620121
nearing,1.638859523609426e-06
nearly,6.995549803832545e-05
nears,3.4134920156247973e-07
necessary,0.0002026111373561
need,7.842122249712702e-05
needed,0.000132501865155
needless,1.6727052502574225e-06
neednt,2.977169071272101e-09
negating,5.233839704033016e-07
neighbor,8.127417495416011e-06
neighboring,6.846351079730084e-06
neighbors,8.21985348011367e-06
neighbouring,5.120103905937868e-06
neither,1.337526916358911e-05
nest,7.728747787041357e-06
nestled,1.016370183606341e-06
neutral,1.940389036462875e-05
never,3.798578195528535e-06
new,3.174173621118825e-06
newborn,8.71563853479529e-07
newly,9.180261095025344e-06
news,4.111051734071225e-05
next,0.0001934608980081
nice,3.796426376538875e-06
nigh,1.4180105017658206e-06
night,0.0001294332245015
nightmare,4.6659013196403975e-06
nightmares,1.7278943562359928e-06
nina,4.5193641824425865e-08
nngff,0.0
nngh,1.7243842777292514e-10
no,8.00695174257271e-05
noble,1.7966183095268206e-05
nobles,2.6360004494563327e-06
nobody,9.052907509612852e-05
noisy,4.046876479151251e-06
none,1.7437719657209527e-06
nonsense,5.09448057073314e-06
nooks,2.745194993281075e-07
normal,6.776682639610953e-05
normally,3.5068336728727445e-05
north,2.328775144633255e-05
northern,1.5250128872139612e-05
northwest,1.4587802379537606e-05
northwestern,2.837897084191354e-06
not,9.181385896226856e-05
nothing,5.352976054382452e-06
notice,4.684462386649102e-05
noticed,2.564713402534835e-05
notorious,3.845938126687543e-06
now,3.95685415242042e-06
nowadays,3.296613208476629e-06
nowhere,8.895605706129572e-06
nows,4.173917876215682e-08
number,9.052456448443992e-07
numerous,4.358541722467635e-05
nyna,0.0001203217997681
nynas,0.0
oath,7.789850660628873e-06
object,7.775946549372748e-05
objects,5.186957263504155e-05
obligations,3.0300546168291475e-05
obstacle,6.178231724334182e-06
obtain,5.044500821895781e-06
obtained,2.647692485879816e-07
occupation,2.0517487191682447e-05
occupied,4.7092607246668205e-07
occurred,5.92685719311703e-05
of,2.0255291201465296e-06
off,1.95395493938122e-05
offensive,9.571914833941264e-06
offer,5.32103872501466e-06
officer,6.449910004448612e-05
officers,6.045497524610255e-05
ogma,4.764119357787422e-06
oh,2.631588872645807e-06
ohh,1.080939506348244e-08
okay,1.829152679420076e-05
olbern,0.0
old,1.940389036462875e-05
older,1.211665859557343e-07
omighty,0.0
on,3.7894180104558473e-06
once,8.049927651882172e-05
one,2.248515413327823e-07
ones,6.11729913362069e-05
only,8.21985348011367e-06
onto,4.4936839440197215e-05
onwards,4.469606237762492e-06
ooh,1.136391213663046e-07
open,1.211665859557343e-07
oppose,1.834040878634369e-07
opposed,1.8244533964661968e-06
opposes,2.012105690027965e-06
opposite,1.4587802379537606e-05
oppressive,3.243217684030242e-06
option,3.836553041765e-05
or,1.257686355529586e-05
orb,5.69495487070526e-07
orbs,6.96241205844217e-08
ordeal,2.4883293485800097e-06
order,3.453339286352275e-05
ordered,6.825958216722938e-06
orders,6.901825036038644e-05
original,0.0001060006106854
originally,6.206527883477975e-05
orphans,1.6216103654187465e-06
oshanty,0.0
other,7.301879331862438e-06
others,6.591890751224128e-06
otherwise,7.914736481325235e-05
our,0.00017994503316
ourselves,3.8138039963087066e-05
out,5.919351957572871e-07
outside,5.269089473586064e-05
outskirts,2.1694195856980514e-06
outta,5.357156619822944e-07
over,1.5722211410320598e-05
overboard,1.3211881946517678e-06
overcome,2.1555287748924456e-05
overjoyed,1.1454709408553753e-06
overrun,8.068509938311763e-05
overwhelmed,1.7348122969451651e-06
owen,4.329957825177644e-08
own,9.84751186479116e-06
owned,4.552009399048984e-05
owner,2.217789453879959e-06
pack,1.204442021844443e-05
pages,4.8279393959091975e-05
paid,0.0001101952900353
pain,3.502459276205627e-05
painful,9.295564900035912e-09
painfully,5.352976054382452e-06
pains,5.648595843013026e-06
pairs,1.8542794168752157e-05
palace,8.315814287925605e-05
palaces,1.8626361816131972e-06
paladin,5.948538998268305e-08
paladins,1.6727052502574225e-06
pale,1.618766707906616e-05
pales,2.5322107745751053e-07
palla,1.119534019380808e-05
panic,8.325006069753726e-06
panicked,1.2097504259145352e-06
pardon,3.8818701705167765e-06
part,5.044500821895781e-06
parthia,2.663668037712341e-06
participated,1.2339872191660109e-05
pass,5.241917951934738e-06
passage,3.996213621576317e-05
passed,1.7149008890555706e-05
passes,0.0001101952900353
passing,3.0150533093546985e-05
passionately,1.7690255094748865e-06
past,2.081455588722747e-06
path,0.0002235039809602
paths,1.2648709962377324e-05
patience,8.066732498264173e-06
patient,0.0001009904488455
patriarch,1.2634193740268529e-06
pawn,9.88981174714354e-07
pay,0.0
payment,1.7587035312516265e-08
peace,2.93148093533091e-06
peaceful,7.977113423862648e-07
peak,3.467622216703603e-05
peaks,1.0607792646624147e-05
peasant,8.463551666864078e-06
pedastal,2.907974931964929e-09
peg,1.4493424578176928e-06
pegasi,5.078997686314146e-09
pegasus,1.2073471280515946e-08
peninsula,3.762962264772796e-06
people,1.4660300598734463e-06
peoplell,9.633437741962679e-11
perchance,4.007724606935881e-07
perfect,2.2042704695195423e-05
perhaps,8.699298210558481e-05
peril,2.4883293485800097e-06
perilous,1.2772125376159237e-06
perils,1.2440131285984534e-06
period,0.0002777666138717
perished,5.32103872501466e-06
permission,3.502459276205627e-05
perpatrator,1.0685084050193748e-10
person,3.796426376538875e-06
personal,0.000132706965669
personally,1.654781453908072e-05
persuaded,7.191006216089591e-06
pesky,2.272200890729437e-07
pete,5.6049885941433785e-08
pets,2.436944268993102e-06
phew,1.8869145712585576e-08
phina,6.83630356421161e-10
physic,2.418131180093042e-07
picked,4.493587030083291e-06
pickings,2.1722384531130958e-07
pieces,3.524962052324554e-05
pierce,9.842117526659425e-07
pierces,4.883283909293823e-05
pilfering,1.5120059771334126e-07
pillar,7.911341629096569e-07
pillow,4.372148337097314e-06
pincer,1.678530186666194e-07
pinnacle,1.638859523609426e-06
pirate,3.1738096549815965e-06
pirates,1.289086721953936e-05
piratesve,0.0
pit,1.7348122969451651e-06
pitch,1.2391614982334433e-05
pitiful,9.846985199146729e-07
pity,8.699298210558481e-05
place,7.262510155214841e-07
placed,7.971866769366897e-05
placing,1.518598784969072e-05
plains,5.8811486269405576e-06
plan,1.4268369795900073e-05
planned,3.652524294011528e-05
plannin,5.693191369005036e-08
planning,7.630850923305843e-06
plans,8.068509938311763e-05
platoon,1.906314461166403e-06
play,7.472879529814236e-05
playtime,1.3588895825478178e-07
plea,9.442989257877344e-06
pleaded,4.493587030083291e-06
pleas,9.295564900035912e-09
pleasant,1.278333880691207e-05
please,4.497770161833614e-05
pleased,6.310082002869421e-07
pledged,3.807079233411059e-06
plenty,1.400261931848945e-05
plotting,3.010290838574292e-06
plunder,1.3562913648001997e-06
plunderin,6.458038347145754e-10
point,4.1130045291826185e-09
pointing,1.3604665018647211e-05
pointless,4.940327068270189e-10
poised,2.2796073790232184e-06
political,0.0002259495834005
ponies,9.74974863083844e-07
pontifex,2.0108906192035647e-05
pontifices,1.7145387349870592e-08
poor,3.845938126687543e-06
populated,4.538973971648375e-06
port,8.136985095916316e-05
pose,9.394281032655272e-06
position,0.0001863287421292
possess,1.7710661049932243e-05
possessed,1.3037781463935972e-05
possesses,6.927287622602307e-06
possessing,4.940474427712616e-06
possession,3.9409366650033925e-07
possible,1.715058933768887e-05
possibly,3.9505507884314285e-05
post,7.461921079084277e-05
power,5.893737574069746e-07
powerful,6.549947129315115e-06
powers,9.180261095025344e-06
practically,1.4169466521707364e-05
prank,3.8621739037125733e-07
pray,3.269594442301127e-08
prayed,5.470447822517599e-06
prayers,7.936600341054145e-06
praying,4.700612889791956e-06
preceded,7.473450186807895e-06
precious,3.404867475182982e-06
preparations,1.6216103654187465e-06
prepare,2.2042704695195423e-05
prepared,8.049927651882172e-05
preposterous,8.556514467272791e-07
presence,9.52810508897528e-05
preserve,1.7958265234483407e-05
pretended,3.295045305549138e-06
pretty,1.2391614982334433e-05
prevail,6.1244952303241005e-06
prevent,6.133682334620972e-05
previous,8.888685901183636e-05
prey,3.710255081387004e-05
priceless,1.1004723160112916e-06
pride,5.532229130267297e-07
priest,1.7149008890555706e-05
priests,1.0446211317685084e-05
primary,6.1964143969817084e-06
prince,2.6308085148230022e-06
princeling,3.3726316542015414e-05
princes,3.796426376538875e-06
princess,5.044500821895781e-06
princesses,4.983260379276544e-07
princesss,1.942964210684295e-05
princey,3.244831642268409e-10
priorities,1.529839006252587e-05
prise,2.896758468295957e-07
prison,3.43885763140861e-05
prisoner,1.024446316932881e-06
probably,0.0
problem,1.85057225280616e-05
proceed,0.0001003229152411
proceeded,1.0872500643017704e-05
proclaimed,6.495171555798152e-06
progress,6.512129002658184e-05
projection,1.2373532736091874e-05
promise,2.2181116673891664e-06
promised,1.9861590317304945e-05
promising,1.1873051334987396e-05
pronounced,1.2088226412743095e-05
proof,3.737317856575828e-05
prospecting,1.5431223141604278e-06
protect,1.6837032876537706e-06
protected,3.664469742943766e-05
protecting,1.2746599059028086e-05
protection,1.2850688117396204e-05
protects,2.5023114767464e-06
proud,4.493587030083291e-06
provided,0.0002128965806332
provocation,1.798914447590505e-06
provoke,5.128338941007282e-10
prowling,3.8833234299318076e-07
psst,8.673698839629651e-06
pull,2.1661360951839013e-05
pulled,4.074343851243612e-06
punish,4.853436603298178e-06
puny,4.452439196711566e-07
pup,9.206124127558723e-07
pupil,8.51643973874161e-06
pupils,1.3776764717476908e-05
purchase,2.6008789109255303e-06
pure,3.42103781804326e-05
pursuit,1.184859069326194e-05
push,1.7882080992421834e-05
pushed,2.241970310933539e-05
put,1.4210179415385936e-05
putting,8.053565916270599e-06
pyrathi,1.930624428041483e-06
quake,1.909831938974093e-05
qualify,1.175453826363082e-05
quarrel,2.4162704467016738e-05
quarter,3.825162602879573e-05
quell,7.060720901108653e-07
question,9.633437741962679e-11
questioning,8.971616070994059e-06
quick,1.5120059771334126e-07
quickly,6.58451917115599e-05
quit,7.454659416907816e-06
quite,0.0001264141919091
ra,2.0608813758826726e-06
rabble,1.321752970397938e-06
raging,2.1544792616623454e-06
raid,7.842122249712702e-05
raise,3.558180316758808e-05
raised,6.614537167479284e-05
raman,1.85057225280616e-05
rampaging,3.762962264772796e-06
ran,8.850831123709213e-05
range,0.0001602814331999
ranks,7.529314251542019e-07
ransacked,3.4779773500304145e-07
rare,8.029487653402612e-05
rarities,2.16632718377241e-07
rat,1.910603048600024e-05
rate,0.0001504016737453
rather,8.00695174257271e-05
raze,1.1305480029477623e-07
reach,4.425656256898946e-06
reached,5.1543076187954286e-06
reaching,2.4389247737417464e-05
ready,3.03344456369814e-06
real,1.3643907605001003e-05
reality,5.559890167205595e-05
realize,2.661186230398016e-05
realized,3.705174913193332e-05
really,2.0042046776325152e-06
realm,2.328775144633255e-05
rear,1.7149008890555706e-05
rearm,9.463796374120649e-08
reason,0.0001175596808025
rebel,1.7437719657209527e-06
rebelled,9.498083193193452e-07
rebelling,3.25784106678384e-07
rebellion,1.2391614982334433e-05
rebels,4.295000749721112e-07
reborn,9.991851095492166e-07
rebuild,2.692519092306611e-06
rebuilding,1.95395493938122e-05
recall,2.1938357058388646e-05
recaptured,8.830059732645168e-07
recedes,1.185036124979888e-06
received,0.0001438676039106
recently,6.45591682405211e-05
reckon,2.547774940921954e-06
reckoned,2.501927260709636e-06
reclaim,1.6451389342364564e-06
reclaimed,1.820922225306276e-06
reclaiming,6.954277216664195e-07
recognize,1.8927100791188425e-06
reconstruction,1.2700297229457649e-05
records,7.938809976621996e-05
recover,3.4134920156247973e-07
recruit,4.493587030083291e-06
recruits,6.852565875306027e-06
recuperate,3.618045082021126e-07
red,1.530302590708743e-06
reduced,4.243862399562204e-06
referring,1.5109966734598856e-05
reform,4.105144787899917e-05
refreshed,1.0463050034559274e-06
refuge,6.901825036038644e-05
refuse,5.352976054382452e-06
refused,1.2240499981999163e-05
regain,3.798578195528535e-06
regalia,3.9143399362728813e-07
regards,1.3467250300891464e-05
region,0.0001179834530921
regions,2.895258680837287e-06
regret,1.5135632088458805e-06
regretful,2.248515413327823e-07
regrets,1.6614562832728552e-06
regrettable,9.629540716105111e-07
regretting,1.2240499981999163e-05
regroup,9.68211150393472e-06
regrouped,2.972177824744904e-07
reign,9.854143563643449e-06
reigned,1.792088439742656e-06
reinforcements,6.825958216722938e-06
relatively,7.971866769366897e-05
relax,5.797811563752476e-06
relaxed,9.180261095025344e-06
release,5.356578156352043e-05
reliable,2.2916356501809788e-05
relief,4.78991644740745e-06
relies,7.142572312659467e-06
remain,1.3293017964599585e-07
remained,5.859107637661509e-05
remainin,1.7047431155603475e-08
remaining,8.00695174257271e-05
remains,6.776682639610953e-05
remarkable,2.267495920023066e-05
remember,2.564884666753642e-06
remembered,2.328775144633255e-05
remind,8.69099099872983e-06
remnants,3.491203187877545e-06
removed,5.2028051140951e-05
repair,8.053565916270599e-06
repay,3.7894180104558473e-06
repercussions,2.147736859114957e-06
report,1.0792104785650735e-06
reports,8.620822423836216e-05
repose,5.099826310470235e-05
representative,4.478996113903122e-05
repute,7.369506022314454e-07
request,7.022561533176486e-07
requested,0.0
require,1.85057225280616e-05
required,0.0002369053385336
requires,7.842122249712702e-05
rescue,1.638859523609426e-06
rescued,3.174173621118825e-06
reside,5.316281885825447e-06
resides,4.424954877322307e-06
resist,1.2920607969135744e-05
resistance,5.681480128259864e-05
resisted,5.180452772037824e-06
resounded,3.935592508241825e-07
responsibility,7.168123316660058e-05
responsible,5.182565990253352e-05
rest,1.3499790875357577e-05
restoration,1.3643907605001003e-05
restore,1.0038953837110398e-08
restored,4.845531122177338e-11
restoring,4.277221864867897e-06
restraint,8.91589826096606e-06
restricted,2.786456876492593e-05
rests,8.503453618686763e-06
result,1.4257859993449528e-06
resulted,3.738334813533584e-05
resume,3.0044339800952003e-05
resurrect,4.229537694300234e-07
resurrected,1.0679945205538389e-06
resurrecting,1.602139370504574e-07
resurrection,4.805913890777447e-06
resurrects,6.343242759498934e-08
retake,6.552654835104477e-05
retired,1.626617822694243e-05
retreat,0.000184974889853
retreated,1.5902514060144314e-05
retrieve,4.883283909293823e-05
retrieved,0.0001192168769193
return,1.7149008890555706e-05
returned,1.2920607969135744e-05
returning,9.180261095025344e-06
reunite,4.295000749721112e-07
revenge,2.083125461922464e-06
revival,6.337741258188866e-10
revive,1.175453826363082e-05
revolt,5.243485093160416e-06
reward,1.257686355529586e-05
rewarded,4.243862399562204e-06
rich,4.641259591153357e-05
riches,3.269131534580083e-06
rickard,8.029487653402612e-05
rickety,5.532229130267297e-07
rid,1.1954474030062556e-05
right,2.555846622271929e-06
rigorous,6.331221820801147e-06
rise,6.591890751224128e-06
risk,1.2072103550053726e-06
risked,1.5202108829726055e-06
risks,2.6436901935085187e-05
rival,7.816131865183706e-06
rivalry,2.914502099429228e-06
river,9.372374668600968e-05
rivers,1.4224835049390094e-05
road,8.304113953272463e-07
roaring,2.080276774449885e-06
robbed,2.646593356985249e-06
robed,4.7092607246668205e-07
rock,4.165550904872362e-05
rocks,2.838649099430768e-05
rocky,4.549757491076889e-06
roiled,1.3293017964599585e-07
room,0.0001606658981472
rooms,2.8771679681085515e-05
rose,3.596800008381251e-05
roshea,0.0
roused,1.5388303074814757e-06
route,3.0059506789257283e-05
routed,1.855190616879554e-06
royal,0.0006040458020288
rrgh,1.240459347739975e-10
rubbish,2.029081895216223e-06
rucke,2.5961528270918023e-10
ruckes,1.9788820582178343e-11
rude,3.761327554911986e-06
rudeness,2.7702883517122244e-06
ruffians,0.0002034962273319
ruin,0.0
ruins,5.217496182012837e-06
rule,3.699055618199054e-05
ruled,1.5637079941370756e-05
ruler,7.630850923305843e-06
rulers,7.332686982408631e-06
ruling,1.993694004340796e-05
rumels,1.2564937257319998e-10
rumor,4.6659013196403975e-06
rumors,7.218481996460468e-06
run,0.0
ruse,7.022561533176486e-07
rush,4.007724606935881e-07
ruthless,2.2717441402164697e-06
s,0.0006040458020288
sable,2.1661360951839013e-05
sacred,0.0002228560339426
sacrifice,2.293403139219663e-07
sacrificed,3.763095610338496e-06
sacrifices,4.811026474271784e-06
sad,1.3333584865904412e-06
saddens,8.535113963148434e-08
sadly,1.0680120007933169e-07
safe,2.685985097627963e-07
safely,2.523042921893648e-06
safer,6.495171555798152e-06
safety,1.6242886704276316e-06
saga,1.530302590708743e-06
sage,7.221590735184692e-08
sages,7.221590735184692e-08
said,0.0001120046871074
saint,4.425656256898946e-06
sake,6.29579953965731e-05
salamander,1.4705598969158018e-05
sale,6.422527090762742e-05
salvation,9.766707507878892e-06
same,8.068509938311763e-05
samson,2.564884666753642e-06
samsooth,0.0
samuel,5.814711254714666e-08
sanctuary,8.049927651882172e-05
sands,4.20431384100084e-06
sandstorm,9.04173750626569e-08
sat,5.102592083858326e-05
savage,4.231091456858849e-06
savages,1.4257859993449528e-06
save,3.615777412051102e-05
saved,7.366042991634458e-06
saving,0.0
saw,2.1614872457575983e-06
say,0.0
saying,6.371316463628318e-05
says,0.000122110764496
scale,9.076396861928516e-05
scarcely,3.269594442301127e-08
scared,3.2794185972306875e-05
scarred,1.257585313396703e-06
scary,7.775946549372748e-05
scattered,1.5602174407831626e-05
schemes,3.9437475643353536e-05
scorching,6.433692459495433e-07
score,2.3191477048385422e-05
scorned,7.68833284610082e-07
scrawny,6.776682639610953e-05
scum,3.9409366650033925e-07
sea,2.663668037712341e-06
seal,1.2496971521613888e-05
sealed,8.71563853479529e-07
seals,4.8279393959091975e-05
search,1.0996348035519078e-06
searched,3.844251314149005e-06
searching,1.3440527127386305e-05
second,1.942964210684295e-05
secret,3.558180316758808e-05
secretly,3.34908309741877e-05
secrets,7.301879331862438e-06
secure,4.918898747519051e-07
sedgar,0.0
see,5.322075992408858e-10
seeing,3.074507309065666e-05
seek,1.185036124979888e-06
seeking,4.549757491076889e-06
seem,2.4928578841354465e-06
seemed,9.600817247701345e-05
seems,0.0
seen,7.878115613341173e-10
seized,8.620822423836216e-05
sell,8.068509938311763e-05
selves,1.942964210684295e-05
send,8.850831123709213e-05
senile,8.969994360086276e-07
sense,0.0002441861253464
senses,9.446924314033825e-06
sensitive,3.615777412051102e-05
sent,1.2648709962377324e-05
separated,5.3174453278188593e-05
serious,1.662915898123174e-05
seriously,2.5742533216543963e-05
servant,9.458294630348974e-07
servants,1.505423961134511e-05
serve,5.478931125253439e-06
served,6.585636358067859e-05
serves,9.03625432329136e-06
service,1.8497151304472938e-05
serving,0.0001203217997681
set,9.801490854499662e-09
settle,1.4210179415385936e-05
settled,3.797775524061464e-09
setup,4.92513636345393e-06
seven,6.589672222617082e-05
sever,1.1267711192886054e-06
several,0.000225886653061
severe,4.389353038277477e-05
shadow,3.652524294011528e-05
shadows,8.73187389515806e-06
shadowy,1.742977995036199e-06
shake,8.992358752948348e-06
shaken,3.908842272721813e-06
shall,3.3100570954047727e-06
sham,1.7225138503818017e-06
shame,1.013130126921169e-05
shards,7.389876378738336e-07
shared,4.079799204191659e-05
shares,3.731296892510727e-05
shattered,4.09214797855384e-06
shattering,1.3887686327507254e-06
she,1.4916303837253508e-06
shed,1.004211151666823e-05
sheena,8.283294036098842e-10
sheer,7.360809950114344e-06
shell,1.440428482965217e-05
shes,1.642913097384735e-05
shield,8.44509864691645e-06
shimmering,1.150327561845188e-06
shimmers,1.0197610073703346e-07
shining,6.090128226787783e-06
shiny,3.4841118895201363e-06
shock,0.0002718470740364
shocking,2.914821102422138e-06
shone,9.071984051843172e-05
shop,8.556514467272791e-07
shopping,1.2845468972955132e-05
shops,1.855190616879554e-06
short,2.7573509260037097e-06
should,7.533391173637938e-05
shouldnt,1.855190616879554e-06
shouldve,5.322075992408858e-10
show,1.792112778275623e-05
showed,7.472879529814236e-05
shred,6.665422557716738e-07
shrine,1.3440148286463227e-05
shrink,8.465813289149083e-06
shut,1.942964210684295e-05
sick,1.9220217041038267e-06
side,0.0
sided,6.402746921594372e-06
siege,9.446178432881424e-07
sight,5.858951399204671e-06
sighted,2.555846622271929e-06
sights,3.174173621118825e-06
sign,5.199778897804208e-05
silence,2.587344668427249e-05
silent,2.1299482523318147e-05
silly,5.840099756824202e-06
silver,2.248515413327823e-07
simple,1.2853985626861686e-05
simply,1.5395023983728605e-05
since,9.03625432329136e-06
single,3.7785582344440634e-06
sir,1.5431223141604278e-06
sire,1.2272974663574132e-06
sires,3.6784631248565356e-07
sirius,4.38285853165965e-09
sister,1.3822721830365482e-05
sisters,2.08430823136041e-06
sits,6.776682639610953e-05
situation,0.0001326767839782
six,0.0001192168769193
skies,2.914502099429228e-06
skill,1.9394984938116974e-05
skilled,0.0002718470740364
sky,2.5235544653696708e-05
slaughter,4.58085401533026e-06
slaughtered,2.083125461922464e-06
slaughtering,7.274529252754291e-07
slave,3.1738096549815965e-06
slavery,1.2240499981999163e-05
slaves,3.779681865125895e-06
sleep,4.076270368386759e-05
sleeping,1.2850688117396204e-05
slept,8.207968144233745e-06
slice,5.242855263531965e-06
slightest,4.823972767553642e-06
sloppy,3.908842272721813e-06
slow,4.0741047050687485e-05
slowed,5.575475370278582e-06
slumber,4.8782476369524375e-06
small,1.1995153399766423e-05
smarting,2.516477960057273e-07
smashing,1.0790592750709038e-06
smile,3.453339286352275e-05
smoking,1.5250128872139612e-05
sniff,8.937214863635745e-07
sniper,3.777358164370526e-05
snipers,3.435037335464131e-07
snuff,8.495678241615679e-07
so,8.417586277573719e-06
soar,9.446178432881424e-07
soil,7.511397030611989e-05
sold,5.053400913311634e-05
soldier,7.878115613341173e-10
soldiers,1.2920607969135744e-05
sole,1.829152679420076e-05
solely,2.0930563969159267e-05
solve,2.260003580886405e-05
some,4.823391376703512e-05
somebody,1.3317392877070232e-05
somehow,4.485012657823973e-05
someone,2.5923618050001096e-05
someplace,1.1454709408553753e-06
something,6.242951315016398e-07
sometimes,9.132760475040412e-05
somewhat,4.916013735055458e-05
somewhere,1.85057225280616e-05
song,2.4272280679724645e-05
soon,1.05208771492471e-05
soothsires,2.7702883517122244e-06
sorcery,8.136256553825661e-07
sorrow,1.7958265234483407e-05
sorry,4.389353038277477e-05
sort,5.5504109841422175e-05
sortie,3.9409366650033925e-07
sought,3.72259302821476e-06
soul,3.4816321028419145e-08
souls,8.958113448898075e-06
sounds,3.652524294011528e-05
south,1.136391213663046e-07
southern,1.959230966122049e-06
souvenir,1.0478306558070471e-06
sovereign,9.565752416165196e-06
sovereignty,1.0443652936373835e-05
spare,9.950788153219036e-06
spared,3.465073618826864e-06
spd,1.732911774524837e-05
speak,7.971866769366897e-05
speaking,1.019270978304121e-05
species,0.0001276972299092
specific,0.000184974889853
spectral,1.3047791735516512e-05
spell,1.05208771492471e-05
spells,1.257686355529586e-05
spend,3.144077491015196e-05
spent,5.752682918682695e-05
spies,1.96051064904168e-06
spilt,3.762479445867939e-07
spine,9.03625432329136e-06
spiraling,6.362798717418628e-07
spirals,8.828885211187298e-07
spirit,2.9770525422634365e-08
spirits,1.3708067599509378e-05
spoiled,2.292903193392704e-06
spot,2.948467921669362e-05
spotted,1.289086721953936e-05
sprang,3.780871779781592e-06
sprogs,3.797775524061464e-09
squad,3.203858796041459e-06
square,4.576633844408207e-05
stabilize,3.707868550009152e-06
staff,3.596800008381251e-05
stage,4.811664034605201e-06
stairway,1.4329343730423717e-06
stall,4.09214797855384e-06
stamina,1.899137281725416e-05
stand,3.1738096549815965e-06
standing,5.558088632824365e-05
stands,2.078616803373734e-06
star,1.0038953837110398e-08
stares,1.69103117400482e-06
starlight,5.648595843013026e-06
starlord,0.0
starsphere,3.688868628159981e-06
start,8.551543738576584e-05
started,8.614761238277424e-05
state,0.0004193688405212
states,0.0001407745665346
stations,3.308760709842318e-05
staves,4.696780490576202e-07
stay,5.374174306780332e-06
stayed,1.8947290773212444e-05
staying,1.0289993524565945e-05
steadfast,2.248515413327823e-07
steal,8.00695174257271e-05
stealin,3.269594442301127e-08
stealing,4.000333278781909e-06
steeled,2.848709389979831e-07
step,2.156812763587368e-07
steps,6.126279164163862e-05
stil,1.2700621581984706e-07
still,6.32002076599747e-06
stingy,3.329579817545891e-07
stock,8.019724358746317e-05
stole,7.842122249712702e-05
stolen,1.4493424578176928e-06
stomach,7.165549010096584e-05
stone,1.059064118180686e-06
stones,3.6280957010603744e-06
stood,3.8138039963087066e-05
stoop,9.429857095710758e-07
stop,3.737317856575828e-05
stopped,0.0
storm,4.684462386649102e-05
stormed,1.3479123185788922e-06
story,4.07025371259806e-06
stragglers,3.6729788462253053e-07
straight,4.226913210004568e-05
strain,2.917555637395708e-05
strange,3.577077713998733e-05
strangers,6.137352347650448e-06
strategy,3.606053660121233e-08
stray,2.7987640623905462e-06
streets,2.2873208217788486e-05
strength,6.901825036038644e-05
stretch,1.0596265283311369e-05
strict,5.176766712793324e-06
strike,9.62446613357315e-07
striking,5.269089473586064e-05
string,1.792112778275623e-05
stripped,5.032515673519811e-06
strong,1.5133261895243775e-05
stronger,0.0001384442934067
strongest,1.2700213774223813e-05
stronghold,1.3301174567459385e-06
struck,2.2705558731104247e-05
struggle,1.1632101241048076e-05
struggles,2.5322107745751053e-07
students,3.6117515410296616e-05
studied,5.6914662272902206e-05
studying,3.4816321028419145e-08
stuff,4.766622442531343e-08
stupid,9.764593428371882e-06
stupidity,1.416494737895846e-06
sturdier,1.3716462476054406e-07
subdue,9.991609226744913e-07
subdued,2.5160600216622697e-06
subordinates,3.244557815378357e-06
succeeded,1.60547543237044e-05
succeeding,6.32002076599747e-06
successor,1.024988388053316e-05
such,2.3301666133193062e-05
suddenly,4.8782476369524375e-06
suffer,9.88981174714354e-07
suffered,2.221183451183606e-05
suffering,5.374174306780332e-06
suggest,3.9143399362728813e-07
suggested,7.165549010096584e-05
suggesting,1.8301262716704517e-05
suggests,5.522738807485439e-05
suitable,4.0501060684619e-05
summit,6.839689312982955e-06
sun,6.825958216722938e-06
sunk,8.127417495416011e-06
supply,0.0
support,1.293949484534096e-05
supported,5.632754400721751e-05
suppose,8.888685901183636e-05
supposed,4.828126333222826e-07
supremacy,3.35299314428994e-06
sure,0.0001360204050433
surely,3.579944751663789e-07
surface,0.0001639443924068
surpasses,7.50331914787239e-07
surprise,5.827672821396846e-06
surprised,2.6390490859284912e-08
surprises,2.389097069226409e-06
surprising,1.689036325842608e-05
surrender,7.165549010096584e-05
surrounded,1.2700297229457649e-05
surrounds,2.3238906123879133e-06
survive,1.856566766946344e-05
survived,8.150349021889269e-06
suspected,6.776682639610953e-05
suspicious,9.846985199146729e-07
swayed,1.7437719657209527e-06
swear,4.964346603628656e-06
sweet,2.195900880906265e-05
swift,4.430773456078896e-06
swoop,5.295415189721098e-07
sword,3.738334813533584e-05
swordslayer,0.0
swordsman,0.0001003229152411
swore,2.8924238381478063e-06
sworn,9.21436732141956e-07
t,0.0001157306939421
table,0.0001194152919924
tactician,1.3967572598971858e-07
tactics,8.775049627729458e-06
take,7.218481996460468e-06
taken,4.940327068270189e-10
takes,7.66648528224323e-05
taking,6.070069969155156e-07
tale,2.466062152961968e-05
talent,1.109068929508794e-05
talents,0.0001438676039106
tales,1.602139370504574e-07
talis,6.79235468226125e-08
talk,3.078479885516572e-06
talkin,4.689213659503367e-07
talking,4.921344479953404e-05
tall,2.085331167108961e-05
talys,1.993195116938296e-06
talyss,0.0
target,8.71563853479529e-07
task,1.05208771492471e-05
taste,1.8527682880176145e-06
taxes,4.8933366851997565e-05
tbe,1.5718755828331154e-06
tch,7.219386510826098e-08
teacher,5.555596042540856e-05
teaching,5.8990173638449054e-05
tears,2.085250845993869e-05
teeth,1.257686355529586e-05
teeths,2.663273093173046e-09
tell,0.0001074481998512
telling,0.0001003229152411
tempered,3.449173882472678e-06
temple,8.053116116570891e-06
temples,4.430773456078896e-06
ten,7.974189866217784e-05
tended,1.550945951748872e-05
tending,3.6280957010603744e-06
tens,4.764119357787422e-06
terrible,6.570896977791562e-05
territory,2.9258285139803774e-05
terror,4.827315765396634e-06
test,0.0024305603816173
th,1.3629948462039464e-05
thabes,6.96241205844217e-08
than,1.0812052223627687e-05
thank,3.514261135251218e-07
thanks,5.374174306780332e-06
that,0.000184974889853
thats,3.797775524061464e-09
the,8.050502328842413e-06
their,6.585636358067859e-05
theirs,4.965668749719044e-06
them,0.0001829134643776
themselves,4.763561287290941e-06
then,3.0464419651252684e-05
there,3.72259302821476e-06
theres,1.2391614982334433e-05
these,9.877451539068716e-06
they,7.974189866217784e-05
theyll,4.7426803939742966e-05
theyre,4.213463703308662e-06
theyve,4.396787205429575e-09
thief,3.699055618199054e-05
thiefs,8.235342869866713e-09
thievery,1.3716462476054406e-07
thieves,9.52068339138412e-09
thievin,9.295564900035912e-09
thieving,2.617415628947128e-07
thing,0.0
things,4.766622442531343e-08
think,4.430773456078896e-06
thinking,1.1632101241048076e-05
third,0.0001382269554596
thirteen,7.800100720487535e-06
this,8.136985095916316e-05
thoron,5.2463145436831846e-08
thos,2.320053226867458e-06
those,3.25784106678384e-07
though,8.604796494182665e-07
thought,8.068509938311763e-05
thousand,4.580427630571648e-05
thousands,3.3053549195756204e-05
threatened,7.698106787756842e-07
three,2.248515413327823e-07
throat,1.7880504256027052e-05
throne,4.191671261651209e-05
through,3.4816321028419145e-08
throw,1.5902514060144314e-05
throwing,5.75629837840097e-06
thugs,7.577578810469276e-07
thus,1.1632101241048076e-05
ties,1.6379559619963403e-05
tight,8.94812717433524e-08
tiki,1.638859523609426e-06
tikis,5.9390371154322e-09
till,2.0940043668815632e-06
time,2.447883558488684e-05
times,0.0001829134643776
timing,1.48638202699658e-05
tiny,1.9273132111266025e-05
tired,1.642913097384735e-05
tis,2.320053226867458e-06
tme,4.71434856219588e-08
to,7.529314251542019e-07
today,1.2855396780651065e-05
together,9.842117526659425e-07
token,5.743908668591757e-06
told,4.771867645558814e-07
tolerate,2.4883293485800097e-06
tome,2.443240360605614e-07
tomes,2.18142735661786e-07
tomfoolery,5.28355699458416e-08
tomorrow,6.954277216664195e-07
tonight,2.6260177907744264e-08
too,1.0072979330288943e-05
took,4.032155670756765e-06
tool,3.6117515410296616e-05
top,0.0001085751620121
toras,1.142743991100481e-09
torment,1.921178366046661e-06
touch,3.4186977427452805e-05
tow,2.696853430279589e-06
toward,0.0
towards,2.130157353974482e-07
tower,1.038032072103734e-10
towering,1.7965869528779875e-06
town,1.211665859557343e-07
trace,1.95395493938122e-05
traced,8.695618289493723e-06
traded,9.180261095025344e-06
tragic,3.688868628159981e-06
training,5.7378664592988575e-08
traitor,9.633437741962679e-11
traitors,1.0736520630416637e-06
trampling,1.817139182094252e-06
transform,7.541483733803034e-05
transported,8.907098172130645e-06
trap,1.0052537218143698e-05
trapped,2.1283741407387424e-05
travel,6.45591682405211e-05
traveler,2.420187718144007e-06
travelers,1.7860636557998078e-06
travelled,5.130582003403106e-06
travelling,1.0443652936373835e-05
travels,5.858951399204671e-06
treacherous,5.797811563752476e-06
treason,2.536775077714992e-06
treasure,1.678530186666194e-07
treasures,4.334790315851933e-07
treat,2.5388689973624423e-05
treated,6.939217761100735e-05
treatment,0.0001646333062672
tremendous,1.2430652695911703e-05
triangle,6.759091711501241e-06
tribe,1.1473875201772898e-05
tribehumans,0.0
tribes,1.317268464845256e-05
trick,6.420501204047469e-06
tricked,8.081819856897709e-07
tried,1.3881345876143312e-05
trio,2.1614872457575983e-06
trip,6.010503390135869e-11
troops,7.878115613341173e-10
trouble,3.996213621576317e-05
troublesome,3.233918118894508e-06
troupe,1.010217364409982e-06
trove,3.6821427130462324e-07
true,8.262662305469348e-07
truly,2.914502099429228e-06
trust,1.05208771492471e-05
trusted,9.463796374120649e-08
trustworthy,1.8927100791188425e-06
truth,8.00695174257271e-05
try,1.689036325842608e-05
tryin,3.135235172635476e-07
trying,2.647692485879816e-07
turn,2.914502099429228e-06
turned,0.0
turning,3.0044339800952003e-05
turns,2.594620793388458e-05
twelve,2.552209338318789e-05
twenty,6.691191061690916e-05
twice,3.24429567262996e-05
twinkling,8.262662305469348e-07
twins,5.176766712793324e-06
two,0.0001294332245015
tyranny,6.614537167479284e-05
ugh,1.642913097384735e-05
uh,2.2181116673891664e-06
uhm,5.419156826391714e-08
unable,3.756001380679664e-05
unaware,6.025971606504754e-06
unbearable,1.8989476507158544e-06
unbeknownst,1.9660012505084977e-07
unbidden,2.443240360605614e-07
unchain,8.362320168089354e-06
uncle,1.0249578726870825e-05
uncomfortable,7.022561533176486e-07
uncooperative,5.004755672644023e-07
under,4.7426803939742966e-05
underestimating,3.514261135251218e-07
underfoot,7.97819403487665e-06
undergo,8.116313983919099e-06
undergoing,6.174524687594385e-06
underneath,5.585754552157596e-06
understand,2.523042921893648e-06
understandable,1.1743667727159846e-08
understanding,1.8244533964661968e-06
understood,4.823391376703512e-05
undeveloped,1.9278569038760907e-06
undo,1.7303322545103584e-06
undone,7.824181884643621e-05
undying,4.046409333113843e-07
unexpected,1.1535378616827074e-05
unfair,1.289086721953936e-05
unfathomable,5.52029868003956e-07
unflinchingly,1.2443470339462693e-07
unfortunate,8.362320168089354e-06
unfortunately,2.568795782337263e-10
unharmed,5.919351957572871e-07
unified,8.465813289149083e-06
unimaginably,1.159501066183566e-07
union,5.9495943351066674e-05
united,1.0875519728870131e-05
unknown,3.239521633076947e-05
unless,1.993694004340796e-05
unlike,1.786207945770002e-05
unprepared,1.4850581942482676e-06
unreliable,3.174173621118825e-06
unspeakable,9.14420017466e-07
unthinkable,1.6242886704276316e-06
until,8.63430156641698e-06
unusual,0.0001294332245015
unworthy,2.0099250696148373e-06
up,1.5902514060144314e-05
upon,1.9788820582178343e-11
urgh,9.967727207516042e-10
us,5.664794812787477e-07
use,3.205775431069924e-06
used,7.629608749994077e-05
useful,7.561178048490547e-05
useless,7.500708225052222e-06
users,4.176939222816145e-05
using,1.8497151304472938e-05
usual,4.111051734071225e-05
ut,3.081933382418356e-06
vaguely,3.263460016569297e-06
valiantly,4.334790315851933e-07
valley,1.684488472164958e-05
valleys,5.3315868717618285e-06
valuable,3.632169296906795e-05
value,1.993195116938296e-06
vanished,5.044500821895781e-06
vanquished,8.6203363707682e-07
vaults,3.652524294011528e-05
veil,3.96306985294359e-06
veiled,1.0837960962817304e-05
veritable,1.5102592578841722e-06
very,2.516477960057273e-07
verything,3.675831649729844e-08
victims,2.109845192535431e-05
victories,6.586787741014179e-08
victorious,2.663668037712341e-06
victory,5.374174306780332e-06
view,0.0001800877810455
views,5.262430211587343e-05
vigilant,6.759091711501241e-06
vikings,2.6260177907744264e-08
vile,5.280755299708062e-09
village,3.404867475182982e-06
villagers,8.699298210558481e-05
villages,1.05208771492471e-05
villains,8.830059732645168e-07
violence,1.710250921860279e-06
vip,3.844251314149005e-06
visit,1.85057225280616e-05
visited,1.678530186666194e-07
visiting,1.9735879468498752e-05
vitality,4.321623109717621e-06
voice,9.181385896226856e-05
volunteered,2.745561268966412e-06
vow,1.1954474030062556e-05
vowed,1.2097504259145352e-06
vyland,4.845531122177338e-11
w,3.372469702298986e-05
wa,2.564884666753642e-06
waged,1.9684085054905154e-06
wait,1.638859523609426e-06
waited,1.7944039809663083e-05
waiting,2.185290259149042e-06
wake,1.3789086488031898e-05
walk,0.0001175596808025
walked,4.444723430424346e-05
wall,7.156451953051146e-05
walls,2.2873208217788486e-05
wandered,3.7785582344440634e-06
wanna,0.0001074481998512
want,3.664469742943766e-05
wanted,0.0001122193432092
wants,9.965608342099586e-06
war,7.977113423862648e-07
warden,1.3540235704567748e-06
warfare,9.339796524727718e-06
warm,3.329442915855907e-05
warn,5.325253414412145e-06
warned,1.1659238680294948e-05
warp,9.967727207516042e-10
warren,2.9373873303484287e-06
warrens,7.137289941283597e-08
warring,1.035356144711841e-06
warrior,4.614994768417091e-06
warriors,2.9373873303484287e-06
was,7.219386510826098e-08
washed,3.562313913789694e-06
wasnt,0.0002441861253464
waste,3.798578195528535e-06
watch,6.295974824752193e-05
watching,6.331221820801147e-06
water,8.127417495416011e-06
waters,3.308760709842318e-05
way,7.577578810469276e-07
ways,0.0001074481998512
we,2.161215927117155e-05
weak,4.032155670756765e-06
weaken,3.278845365457528e-06
weakened,5.35573109118559e-06
weaker,5.020693233745987e-06
weakness,1.344357257039519e-05
wealth,2.812261711369501e-05
weapon,2.130157353974482e-07
weapons,9.88981174714354e-07
wearing,2.0108906192035647e-05
wed,5.893737574069746e-07
wedding,1.296029214245209e-05
weep,3.2028273505568806e-11
welcome,4.7426803939742966e-05
welcomed,7.538040790677769e-06
well,5.827672821396846e-06
wendell,0.0001085751620121
wendells,0.0
went,5.2028051140951e-05
were,3.763095610338496e-06
werent,2.6390490859284912e-08
west,1.3820993547408732e-08
western,1.942964210684295e-05
weve,1.678530186666194e-07
wh,1.321752970397938e-06
whadya,1.458005511045801e-09
what,3.707868550009152e-06
whatever,0.0
whats,1.0052537218143698e-05
whatsoever,6.804199847465497e-06
when,0.0001290501590119
where,1.5388303074814757e-06
wheres,2.1912803322976517e-08
wherever,6.495171555798152e-06
which,0.0024305603816173
while,4.14213705516886e-05
whipped,3.053285925034288e-06
white,0.0002235039809602
whitewings,0.000132501865155
who,2.248515413327823e-07
whoa,1.2911902253165408e-07
whoever,5.003181699976267e-06
whole,0.0001769239059649
whose,0.0001384442934067
whove,7.338873969642279e-10
why,3.8263229771473565e-06
wickedness,0.0001617791102034
wield,7.221590735184692e-08
wielded,5.797811563752476e-06
wielder,1.2072103550053726e-06
wielding,8.304113953272463e-07
wields,3.449173882472678e-06
wife,8.976788041763938e-05
wild,3.1321599017246627e-05
will,5.948538998268305e-08
willing,3.501291516272431e-07
win,2.3381475111818877e-05
wind,4.886320377408992e-05
winged,2.6008789109255303e-06
winning,1.28328077516926e-05
wiped,5.659924968313135e-06
wise,2.699529413803248e-06
wisely,1.7348122969451651e-06
wish,4.764119357787422e-06
wished,1.7652701080805856e-05
wishes,2.555846622271929e-06
with,2.50118727365134e-07
withdraw,1.9788820582178343e-11
wither,7.457221317963559e-07
within,4.918898747519051e-07
without,1.558984804432839e-06
withstanding,4.771867645558814e-07
witless,1.5111525158317818e-07
witness,3.0300546168291475e-05
wits,3.9437475643353536e-05
wolf,5.03273647154856e-06
wolfguard,0.0
woman,9.967727207516042e-10
women,3.081933382418356e-06
won,4.046876479151251e-06
wonder,3.446961458394071e-05
wonderful,3.725681352761967e-08
wondering,9.736579831951533e-06
wondrous,7.45618794553593e-06
wont,4.07025371259806e-06
woods,1.1354080688761316e-05
word,2.1694195856980514e-06
words,8.976788041763938e-05
work,3.4186977427452805e-05
worked,7.431254984112456e-05
workin,3.501291516272431e-07
works,0.0001003229152411
world,5.648595843013026e-06
worlds,8.673698839629651e-06
worm,3.3739963600964984e-06
worried,7.461393266567029e-05
worry,0.0001074481998512
worse,3.762962264772796e-06
worship,1.5722211410320598e-05
worst,1.906314461166403e-06
worth,1.831715148000512e-05
worthless,2.964890695693612e-06
worthy,1.2853985626861686e-05
would,1.9336765820499035e-10
wouldnt,1.95395493938122e-05
wound,9.801490854499662e-09
wounded,8.670393581269308e-05
wow,4.237004257447552e-05
wrapped,1.0979493281411125e-05
wrath,2.2705558731104247e-05
wrecked,1.5258898292813684e-06
wrest,5.042276194444639e-07
wretch,7.468374485597451e-07
writhe,2.1004818762548893e-07
wrong,2.557697349402588e-05
wrongs,1.7860636557998078e-06
wrys,5.558088632824365e-05
wyvern,0.0001003229152411
wyverns,1.855190616879554e-06
xa,2.0860709696535198e-07
xane,4.411746581354237e-06
y,6.098892408772372e-05
ya,4.032155670756765e-06
ye,1.4765958667339874e-05
yeah,7.938809976621996e-05
year,0.0005243876762688
years,1.0792104785650735e-06
yell,1.9427803442795265e-06
yep,6.15171408213655e-08
yer,1.7731407785959164e-06
yes,3.6784631248565356e-07
yesterday,1.3931201065133792e-05
yet,0.0002702492297976
yikes,9.52068339138412e-09
yknow,8.604756497609943e-10
you,9.633437741962679e-11
youd,6.852565875306027e-06
youll,6.60191223869333e-05
young,9.736579831951533e-06
younger,3.72259302821476e-06
youngest,8.283294036098842e-10
youngsters,9.74974863083844e-07
your,1.4765958667339874e-05
youre,0.000132501865155
yours,6.053720715826218e-08
yourself,1.0736520630416637e-06
yourselves,3.8087636539785307e-07
youth,3.577077713998733e-05
youths,4.614994768417091e-06
youve,3.4186977427452805e-05
yuliya,6.010503390135869e-11
ere,2.862125388958248e-07
only,2.504939488972013e-06
